NAME,ADDRESS,CITY,STATE,ZIP,TELEPHONE,TYPE,COUNTY,UNITS,SIZE,MARKET_SCORE,COUNTY_BONUS,SUBTO_SCORE,CASHFLOW_SCORE,TOTAL_SCORE,TIER,FLAGS
ANCLOTE ACRES L.L.C.,1210 CALVARY ROAD,HOLIDAY,FL,34690,(727) 938-3869,MOBILE HOME PARK,PASCO,38,SMALL (<50),40,15,30,15,100,A,
ARISTOCRAT TRAILER PARK,677 TAMIAMI TRAIL N,NOKOMIS,FL,34275,(941) 488-7272,MOBILE HOME PARK,SARASOTA,25,SMALL (<50),40,15,30,15,100,A,
BAHR'S MOBILE HOME PARK,39444 DANCERS LANE,ZEPHYRHILLS,FL,33542,(813) 782-7201,MOBILE HOME PARK,PASCO,51,MEDIUM (51-100),40,15,30,15,100,A,
BIG LAKE VILLAGE,12701 SE SUNSET HARBOR ROAD,WEIRSDALE,FL,32195,(352) 434-7276,MOBILE HOME PARK,MARION,60,MEDIUM (51-100),40,15,30,15,100,A,
BOB'S LANDING MHP & MARINA,906 OHLINGER ROAD,BABSON PARK,FL,33827,(863) 638-1912,MOBILE HOME PARK,POLK,60,SMALL (<50),40,15,30,15,100,A,
CARTER'S MOBILE VILLAGE,2450 S RIDGEWOOD,EDGEWATER,FL,32141,(386) 428-8916,MOBILE HOME PARK,VOLUSIA,49,SMALL (<50),40,15,30,15,100,A,
COQUINA OAK'S MOBILE HOME,950 SIDNEY STREET,ST AUGUSTINE,FL,32086,(484) 716-9408,MOBILE HOME PARK,ST JOHNS,25,SMALL (<50),40,15,30,15,100,A,
CORALWOOD VILLAGE MHP,419 SW PINE ISLAND ROAD,CAPE CORAL,FL,33991,(239) 574-4945,MOBILE HOME PARK,LEE,53,MEDIUM (51-100),40,15,30,15,100,A,
COUNTRY AIRE MOBILE HOME PARK,6881 NE 2ND LOOP,OCALA,FL,34470,(352) 236-3378,MOBILE HOME PARK,MARION,25,SMALL (<50),40,15,30,15,100,A,
COUNTRY OAKS MOBILE HOME PARK,1311 NW 35TH STREET,OCALA,FL,34475,(954) 394-2766,MOBILE HOME PARK,MARION,27,SMALL (<50),40,15,30,15,100,A,
CYPRESS ACRES MHP,8 POWELL ROAD,WINTER HAVEN,FL,33880,(863) 291-0643,MOBILE HOME PARK,POLK,26,SMALL (<50),40,15,30,15,100,A,
DELAND MUNICIPAL TRAILER PARK,140 W WALTS AVENUE,DELAND,FL,32720,(386) 740-5800,MOBILE HOME PARK,VOLUSIA,48,SMALL (<50),40,15,30,15,100,A,
DUKE'S LANDING,04056 PICCIOLA ROAD,FRUITLAND PARK,FL,34731,(813) 770-4172,MOBILE HOME PARK,LAKE,58,SMALL (<50),40,15,30,15,100,A,
EL TONTERIA MOBILE COURT,1520 PARSONS ROAD,KISSIMMEE,FL,34744,(407) 319-2900,MOBILE HOME PARK,OSCEOLA,34,SMALL (<50),40,15,30,15,100,A,
ENGLEWOOD GREENS MOBILE VILLAGE,250 MCCALL ROAD N,ENGLEWOOD,FL,34223,(941) 474-1353,MOBILE HOME PARK,SARASOTA,30,SMALL (<50),40,15,30,15,100,A,
FISHERMAN'S ADULT MOBILE HM PK,4500 PINE ISLAND ROAD NW,MATLACHA,FL,33993,(239) 283-5141,MOBILE HOME PARK,LEE,40,SMALL (<50),40,15,30,15,100,A,
FISHERMAN'S WHARF,05101 EAGLES NEST ROAD,FRUITLAND PARK,FL,34731,(352) 360-0600,MOBILE HOME PARK,LAKE,59,MEDIUM (51-100),40,15,30,15,100,A,
FROSTPROOF MOBILE VILLAGE,375 WEST H STREET,FROSTPROOF,FL,33843,(863) 635-4800,MOBILE HOME PARK,POLK,29,SMALL (<50),40,15,30,15,100,A,
GAR FAIR TRAILER PARK,3103 9TH STREET W,BRADENTON,FL,34205,(941) 815-2844,MOBILE HOME PARK,MANATEE,54,MEDIUM (51-100),40,15,30,15,100,A,
GOLDEN GROVE MHP,1101 GOLDEN PARKWAY,ST CLOUD,FL,34769,(407) 957-7979,MOBILE HOME PARK,OSCEOLA,48,SMALL (<50),40,15,30,15,100,A,
GRAY ACRES,1450 MADELINE AVENUE,DAYTONA BEACH,FL,32119,(386) 760-3823,MOBILE HOME PARK,VOLUSIA,43,SMALL (<50),40,15,30,15,100,A,
GREEN ACRES MOBILE HOME PARK,4331 LAKE BUFFUM ROAD,LAKE WALES,FL,33859,(941) 429-0116,MOBILE HOME PARK,POLK,41,SMALL (<50),40,15,30,15,100,A,
HICKS ROAD TRAILER PARK,10021 LYONS LANE,HUDSON,FL,34669,(727) 992-2684,MOBILE HOME PARK,PASCO,27,SMALL (<50),40,15,30,15,100,A,
KEENE'S ADULT MOBILE HOME PARK,12301 CARL LOOP,DADE CITY,FL,33525,(352) 567-6079,MOBILE HOME PARK,PASCO,37,SMALL (<50),40,15,30,15,100,A,
LAKE DORA TRAILER PARK,120 DORA AVENUE,TAVARES,FL,32778,(970) 884-7150,MOBILE HOME PARK,LAKE,42,SMALL (<50),40,15,30,15,100,A,
LAKESIDE GARDENS,249 LAKESIDE GARDEN CIRCLE,LAKE WALES,FL,33859,(813) 949-4139,MOBILE HOME PARK,POLK,54,SMALL (<50),40,15,30,15,100,A,
"LAND SOUTH COUNTRY VILLAS, LLC",5435 LEWELLYN ROAD,LAKELAND,FL,33810,(863) 255-2941,MOBILE HOME PARK,POLK,45,SMALL (<50),40,15,30,15,100,A,
LAND SOUTH OAK MEADOWS LLC,8535 MATHEWS ROAD,LAKELAND,FL,33801,(863) 859-7942,MOBILE HOME PARK,POLK,52,SMALL (<50),40,15,30,15,100,A,
LUTZ TRAILER PARK,101 INGHAM ROAD,NEW SMYRNA BEACH,FL,32168,NOT AVAILABLE,MOBILE HOME PARK,VOLUSIA,34,SMALL (<50),40,15,30,15,100,A,
MARY ANN TRAILER PARK,3608 14TH STREET W,BRADENTON,FL,34205,(941) 773-4465,MOBILE HOME PARK,MANATEE,38,SMALL (<50),40,15,30,15,100,A,
MERE'S MOBILE HOME PARK 3,1555 N TAMIAMI TRAIL,NORTH FORT MYERS,FL,33903,(239) 707-3469,MOBILE HOME PARK,LEE,33,SMALL (<50),40,15,30,15,100,A,
MINNEHAHA TRAILER PARK,660 HOOK STREET,CLERMONT,FL,34711,(352) 394-4497,MOBILE HOME PARK,LAKE,45,SMALL (<50),40,15,30,15,100,A,
OAK HAVEN MHP,1630 NORTH CR 547,DAVENPORT,FL,33837,(813) 689-0569,MOBILE HOME PARK,POLK,28,SMALL (<50),40,15,30,15,100,A,
OAK LANE MOBILE HOME PARK,14236 MAX HOOKS ROAD 62,CLERMONT,FL,34711,(352) 243-7577,MOBILE HOME PARK,LAKE,60,MEDIUM (51-100),40,15,30,15,100,A,
OAK MEADOWS MH & RV PARK,3655 E JOHNSON AVENUE,HAINES CITY,FL,33844,(813) 267-2672,MOBILE HOME PARK,POLK,53,SMALL (<50),40,15,30,15,100,A,
PINE GROVE MOBILE HOME PARK,18681 N HWY 441,REDDICK,FL,32686,(352) 207-9741,MOBILE HOME PARK,MARION,30,SMALL (<50),40,15,30,15,100,A,
PINE GROVE MOBILE HOME PARK,2245 NEW TAMPA HIGHWAY,LAKELAND,FL,33801,(352) 207-9741,MOBILE HOME PARK,POLK,25,SMALL (<50),40,15,30,15,100,A,
PINE MANOR EAST MOBILE HOME PARK,2815 NW PINE AVENUE,OCALA,FL,34475,(352) 463-1890,MOBILE HOME PARK,MARION,52,MEDIUM (51-100),40,15,30,15,100,A,
PINE NEEDLE PARK,6280 HAMILTON DRIVE 3,FORT MYERS,FL,33905,(239) 694-3286,MOBILE HOME PARK,LEE,43,SMALL (<50),40,15,30,15,100,A,
PIONEER TRAILER PARK,1615 51ST AVENUE E,BRADENTON,FL,34203,(727) 386-6479,MOBILE HOME PARK,MANATEE,37,SMALL (<50),40,15,30,15,100,A,
REEDY HAVEN TRAILER PARK,285 LAKE AVENUE,FROSTPROOF,FL,33843,(863) 635-4783,MOBILE HOME PARK,POLK,36,SMALL (<50),40,15,30,15,100,A,
SHADY ACRES MHP AND RV PARK,14417 US HIGHWAY 19,BAYONET POINT,FL,34667,(727) 868-9589,MOBILE HOME PARK,PASCO,48,MEDIUM (51-100),40,15,30,15,100,A,
SHADY ACRES MOBILE HOME PARK,16901 SE HWY 301,SUMMERFIELD,FL,34491,(352) 445-1832,MOBILE HOME PARK,MARION,40,SMALL (<50),40,15,30,15,100,A,
SHADY GROVE MOBILE HOME PARK,5100 NW GAINESVILLE ROAD,OCALA,FL,34475,(352) 208-4814,MOBILE HOME PARK,MARION,28,SMALL (<50),40,15,30,15,100,A,
SHADY OAKS MOBILE HOME PARK,1215 US HIGHWAY 17 92 N,DAVENPORT,FL,33837,NOT AVAILABLE,MOBILE HOME PARK,POLK,30,SMALL (<50),40,15,30,15,100,A,
SHADY OAKS MOBILE HOME PARK,3245 E MAIN STREET,LAKELAND,FL,33801,NOT AVAILABLE,MOBILE HOME PARK,POLK,30,SMALL (<50),40,15,30,15,100,A,
SHADY REST MOBILE HOME PARK,37836 8TH AVENUE,ZEPHYRHILLS,FL,33542,(813) 782-3019,MOBILE HOME PARK,PASCO,60,SMALL (<50),40,15,30,15,100,A,
SHADY VILLAGE TRAILER PARK,3200 NOVA ROAD S,DAYTONA BEACH,FL,32119,(386) 760-3823,MOBILE HOME PARK,VOLUSIA,55,MEDIUM (51-100),40,15,30,15,100,A,
SILVERWOOD VILLAGE M H P,201 NE 68 COURT,OCALA,FL,34470,(352) 236-3378,MOBILE HOME PARK,MARION,25,SMALL (<50),40,15,30,15,100,A,
SOUTHWIND VILLAGE,1269 RIVER ROAD,NORTH FORT MYERS,FL,33903,(239) 995-8005,MOBILE HOME PARK,LEE,58,MEDIUM (51-100),40,15,30,15,100,A,
SOUTHWINDS MOBILE HOME COURT,1425 RITTER ROAD,LAKELAND,FL,33810,(863) 255-2941,MOBILE HOME PARK,POLK,35,SMALL (<50),40,15,30,15,100,A,
SUN FRIENDLY COMMUNITY VILLAGE,2504 SUNSET DRIVE,KISSIMMEE,FL,34741,(407) 574-7775,MOBILE HOME PARK,OSCEOLA,45,LARGE (>100),40,15,30,15,100,A,
SUNNY OAKS MOBILE HOME PARK,6800 NW GAINESVILLE ROAD,OCALA,FL,34475,(855) 862-8837,MOBILE HOME PARK,MARION,55,SMALL (<50),40,15,30,15,100,A,
SUNNY SKIES MOBILE HOME PARK,32704 CANTWELL DRIVE,SAN ANTONIO,FL,33576,(352) 942-3367,MOBILE HOME PARK,PASCO,50,SMALL (<50),40,15,30,15,100,A,
"SUNNYLAND COURT, INC.",19241 SAN CARLOS BOULEVARD,FORT MYERS BEACH,FL,33931,NOT AVAILABLE,MOBILE HOME PARK,LEE,31,SMALL (<50),40,15,30,15,100,A,
SUNSET ACRES,8086 HECK DRIVE,NORTH FORT MYERS,FL,33917,(239) 543-9990,MOBILE HOME PARK,LEE,25,SMALL (<50),40,15,30,15,100,A,
SUNSET COVE MHP,2350 US HIGHWAY 92 WEST,WINTER HAVEN,FL,33881,(863) 268-1111,MOBILE HOME PARK,POLK,31,SMALL (<50),40,15,30,15,100,A,
SUNSET SHORES CO-OP INC,1000 S CLINCH LAKE BOULEVARD,FROSTPROOF,FL,33843,(863) 635-2420,MOBILE HOME PARK,POLK,51,LARGE (>100),40,15,30,15,100,A,
SUNSET VILLAGE,2 MELODY CIRCLE,EUSTIS,FL,32726,(352) 343-1214,MOBILE HOME PARK,LAKE,36,SMALL (<50),40,15,30,15,100,A,
TERIO'S MOBILE HOME PARK,3520 E GASKIN ROAD,BARTOW,FL,33830,(863) 533-1253,MOBILE HOME PARK,POLK,40,SMALL (<50),40,15,30,15,100,A,
THREE PALMS TRAILER PARK,15007 OLD 441 HIGHWAY,TAVARES,FL,32778,NOT AVAILABLE,MOBILE HOME PARK,LAKE,32,SMALL (<50),40,15,30,15,100,A,
WILDWOOD ACRES,503 SHAWN AVENUE,WILDWOOD,FL,34785,(352) 748-0795,MOBILE HOME PARK,SUMTER,47,SMALL (<50),40,15,30,15,100,A,
WILLOW OAK II MHP,3845 STATE ROAD 60 W,MULBERRY,FL,33860,(863) 425-2281,MOBILE HOME PARK,POLK,26,SMALL (<50),40,15,30,15,100,A,
WINTER DREAMS TRAILER PARK,17881 N TAMIAMI TRAIL,NORTH FORT MYERS,FL,33903,(239) 731-5404,MOBILE HOME PARK,LEE,26,SMALL (<50),40,15,30,15,100,A,
A & L MOBILE HOME VILLAGE,573 LONG HOLLOW PIKE,GALLATIN,TN,37066,(615) 452-5104,MOBILE HOME PARK,SUMNER,,MEDIUM (51-100),40,15,28,15,98,A,unit count unknown
ACRES OF SPACE MOBILE HOME,1105 ACRES OF SPACE DRIVE,KNIGHTDALE,NC,27545,(919) 266-4389,MOBILE HOME PARK,WAKE,,MEDIUM (51-100),40,15,28,15,98,A,unit count unknown
AMERICAN MOBILE VILLAGE,1524 EAST BURT DRIVE,COLUMBIA,TN,38401,(931) 388-1485,MOBILE HOME PARK,MAURY,,MEDIUM (51-100),40,15,28,15,98,A,unit count unknown
APACHE WEST MOBILE VILLAGE,1035 WEST MAIN STREET,MESA,AZ,85201,(480) 969-7147,MOBILE HOME PARK,MARICOPA,,MEDIUM (51-100),40,15,28,15,98,A,unit count unknown
BATTLEFIELD TRAILER PARK,650 EDGEWOOD BOULEVARD,FRANKLIN,TN,37064,(615) 794-6416,MOBILE HOME PARK,WILLIAMSON,,MEDIUM (51-100),40,15,28,15,98,A,unit count unknown
BELL ACRES MHP,3824 EAST PARADISE LANE,PHOENIX,AZ,85032,(602) 971-2335,MOBILE HOME PARK,MARICOPA,,MEDIUM (51-100),40,15,28,15,98,A,unit count unknown
BIG COUNTRY MOBILE HOME PARK,4435 US 321,GASTON,SC,29053,NOT AVAILABLE,MOBILE HOME PARK,LEXINGTON,,MEDIUM (51-100),40,15,28,15,98,A,unit count unknown
BLAIR'S JUNGLE DEN,1820 JUNGLE DEN ROAD,ASTOR,FL,32102,(386) 749-2264,MOBILE HOME PARK,VOLUSIA,,MEDIUM (51-100),40,15,28,15,98,A,unit count unknown
BONAPARTE'S RETREAT 1,9013 BONAPARTE DR SW,CALABASH,NC,28467,NOT AVAILABLE,MOBILE HOME PARK,BRUNSWICK,,MEDIUM (51-100),40,15,28,15,98,A,unit count unknown
BONNIE'S TRAILER COURT,2004 HIGHWAY 15,MYRTLE BEACH,SC,29577,(803) 448-6905,MOBILE HOME PARK,HORRY,,MEDIUM (51-100),40,15,28,15,98,A,unit count unknown
BROADWAY TRAILER COURT,2144 WEST BROADWAY ROAD,PHOENIX,AZ,85041,(602) 268-4738,MOBILE HOME PARK,MARICOPA,,MEDIUM (51-100),40,15,28,15,98,A,unit count unknown
BURKHART'S MHP,920 POWER STREET,CLARKSVILLE,TN,37042,(931) 647-2926,MOBILE HOME PARK,MONTGOMERY,,MEDIUM (51-100),40,15,28,15,98,A,unit count unknown
CAMP VERDE MOBILE VILLAGE,723 WEST FINNEY FLATS ROAD,CAMP VERDE,AZ,86322,(520) 567-2868,MOBILE HOME PARK,YAVAPAI,,MEDIUM (51-100),40,15,28,15,98,A,unit count unknown
CARDINAL ACRES MOBILE HOME PARK,NOT AVAILABLE,NOT AVAILABLE,NC,NOT AVAILABLE,NOT AVAILABLE,MOBILE HOME PARK,PENDER,,MEDIUM (51-100),40,15,28,15,98,A,unit count unknown
CEDAR GROVE MHP,3 SWEET GUM CIR,ROCKY POINT,NC,28457,NOT AVAILABLE,MOBILE HOME PARK,PENDER,,MEDIUM (51-100),40,15,28,15,98,A,unit count unknown
CHATEAU MOBILE HOME VILLAGE,1356 ID 41,POST FALLS,ID,83854,NOT AVAILABLE,MOBILE HOME PARK,KOOTENAI,,MEDIUM (51-100),40,15,28,15,98,A,unit count unknown
CHRIS-TOWN TRAVEL TRAILER PARK,1919 WEST COLTER STREET,PHOENIX,AZ,85015,(602) 242-8812,MOBILE HOME PARK,MARICOPA,,MEDIUM (51-100),40,15,28,15,98,A,unit count unknown
CHUCK'S MHP,780 BETHEL SCHOOL ROAD,LAKE WYLIE,SC,29710,(803) 831-7717,MOBILE HOME PARK,YORK,,MEDIUM (51-100),40,15,28,15,98,A,unit count unknown
COOPER'S RANCH,3210 RAY RD,SPRING LAKE,NC,28390,NOT AVAILABLE,MOBILE HOME PARK,HARNETT,,MEDIUM (51-100),40,15,28,15,98,A,unit count unknown
COUNTRY AIR MHP,2212 WEST GEORGIA ROAD,SIMPSONVILLE,SC,29680,(864) 277-3277,MOBILE HOME PARK,GREENVILLE,,MEDIUM (51-100),40,15,28,15,98,A,unit count unknown
COUNTRY AIRE VILLAGE,39333 23RD STREET,ZEPHYRHILLS,FL,33542,NOT AVAILABLE,MOBILE HOME PARK,PASCO,,MEDIUM (51-100),40,15,28,15,98,A,unit count unknown
COUNTRY CLUB MHP,5209 TARGEE STREET,BOISE,ID,83705,(208) 342-1709,MOBILE HOME PARK,ADA,,MEDIUM (51-100),40,15,28,15,98,A,unit count unknown
COUNTRY CLUB PARK,1855 WEST WICKENBURG WAY,WICKENBURG,AZ,85390,(520) 684-2110,MOBILE HOME PARK,MARICOPA,,MEDIUM (51-100),40,15,28,15,98,A,unit count unknown
COUNTRY COUSINS MOBILE MECCA,61 WEST SOUTHERN AVENUE,MESA,AZ,85210,(480) 964-8202,MOBILE HOME PARK,MARICOPA,,MEDIUM (51-100),40,15,28,15,98,A,unit count unknown
COUNTRY ESTATES MHP,6109 FOOTE MINERAL LANE,KNOXVILLE,TN,37923,(423) 693-8541,MOBILE HOME PARK,KNOX,,MEDIUM (51-100),40,15,28,15,98,A,unit count unknown
COUNTRY HILLS MOBILE ESTATES,11901 WEST MCDOWELL ROAD,AVONDALE,AZ,85323,(602) 932-3444,MOBILE HOME PARK,MARICOPA,,MEDIUM (51-100),40,15,28,15,98,A,unit count unknown
COUNTRY HOME MOBILE VILLAGE,23740 WEST US HIGHWAY 85,BUCKEYE,AZ,85326,(602) 386-4482,MOBILE HOME PARK,MARICOPA,,MEDIUM (51-100),40,15,28,15,98,A,unit count unknown
COUNTRY LAKES,4410 BAYBERRY DR,LITTLE RIVER,SC,29566,NOT AVAILABLE,MOBILE HOME PARK,HORRY,,MEDIUM (51-100),40,15,28,15,98,A,unit count unknown
COUNTRY LIVIN' ESTATES,1330 WILLIAMSON ROAD,GOODLETTSVILLE,TN,37072,(615) 859-0569,MOBILE HOME PARK,SUMNER,,MEDIUM (51-100),40,15,28,15,98,A,unit count unknown
COUNTRY OAKS ESTATES,9043 DALLAS HOLLOW RD,SODDY-DAISY,TN,37379,NOT AVAILABLE,MOBILE HOME PARK,HAMILTON,,MEDIUM (51-100),40,15,28,15,98,A,unit count unknown
COUNTRY VILLA,1105 NORTH 8TH STREET,AVONDALE,AZ,85323,(602) 932-2180,MOBILE HOME PARK,MARICOPA,,MEDIUM (51-100),40,15,28,15,98,A,unit count unknown
COUNTRY VILLAGE MHP,1339 WALD ROAD,NEW BRAUNFELS,TX,78132,(830) 625-1188,MOBILE HOME PARK,COMAL,,MEDIUM (51-100),40,15,28,15,98,A,unit count unknown
COUNTRY WEST,221 WEST MAIN STREET,AVONDALE,AZ,85323,(602) 932-3325,MOBILE HOME PARK,MARICOPA,,MEDIUM (51-100),40,15,28,15,98,A,unit count unknown
COUNTRYSIDE VILLAGE,200 EARLY ROAD,COLUMBIA,TN,38401,(931) 388-8412,MOBILE HOME PARK,MAURY,,MEDIUM (51-100),40,15,28,15,98,A,unit count unknown
COURTSIDE VILLAGE OF GWINNETT,1125 HORIZON PKWY,BUFORD,GA,30518,NOT AVAILABLE,MOBILE HOME PARK,GWINNETT,,MEDIUM (51-100),40,15,28,15,98,A,unit count unknown
COZY TRAILER PARK,520 GENTRY WAY,RENO,NV,89502,(775) 825-0337,MOBILE HOME PARK,WASHOE,,MEDIUM (51-100),40,15,28,15,98,A,unit count unknown
CREEKSIDE MHP,1420 OLD DUNBAR ROAD,WEST COLUMBIA,SC,29172,(803) 955-0805,MOBILE HOME PARK,LEXINGTON,,MEDIUM (51-100),40,15,28,15,98,A,unit count unknown
CREEKSIDE MOBILE VILLAGE,4258 MASSEY PRESERVE TRL,RALEIGH,NC,27616,NOT AVAILABLE,MOBILE HOME PARK,WAKE,,MEDIUM (51-100),40,15,28,15,98,A,unit count unknown
DEER PARK TRAILER COURT,8810 DEERWOOD DRIVE,NORTH CHARLESTON,SC,29406,(843) 553-0883,MOBILE HOME PARK,CHARLESTON,,MEDIUM (51-100),40,15,28,15,98,A,unit count unknown
DESERT VILLAGE MOBILE PARK,139 SOUTH CRISMON ROAD,MESA,AZ,85208,(480) 986-4070,MOBILE HOME PARK,MARICOPA,,MEDIUM (51-100),40,15,28,15,98,A,unit count unknown
EASTERN SHORE MOBILE HOME VILLAGE,19270 SOUTH GREENO ROAD,FAIRHOPE,AL,36532,(334) 928-7855,MOBILE HOME PARK,BALDWIN,,MEDIUM (51-100),40,15,28,15,98,A,unit count unknown
ELMWOOD TRAILER PARK,764 EAST CHANDLER BOULEVARD,CHANDLER,AZ,85225,(602) 963-8861,MOBILE HOME PARK,MARICOPA,,MEDIUM (51-100),40,15,28,15,98,A,unit count unknown
FIELDRIDGE ACRES,7800 WILKINSON BOULEVARD,CHARLOTTE,NC,28214,(704) 399-3521,MOBILE HOME PARK,MECKLENBURG,,MEDIUM (51-100),40,15,28,15,98,A,unit count unknown
FOX FIRE VILLAGE MOBILE HOME,1101 2ND AVENUE NORTH,NORTH MYRTLE BEACH,SC,29582,(803) 249-4286,MOBILE HOME PARK,HORRY,,MEDIUM (51-100),40,15,28,15,98,A,unit count unknown
GOOD SAMARITAN VILLAGE,4199 WALES ST,KISSIMMEE,FL,34746,NOT AVAILABLE,MOBILE HOME PARK,OSCEOLA,,MEDIUM (51-100),40,15,28,15,98,A,unit count unknown
GRANITE ACRES,NOT AVAILABLE,NOT AVAILABLE,NC,NOT AVAILABLE,(919) 457-1550,MOBILE HOME PARK,WAKE,,MEDIUM (51-100),40,15,28,15,98,A,unit count unknown
GREEN ACRES,819 N MIDLAND BLVD,NAMPA,ID,83651,NOT AVAILABLE,MOBILE HOME PARK,CANYON,,MEDIUM (51-100),40,15,28,15,98,A,unit count unknown
GREEN ACRES MHP,360 WEST 400 NORTH,SPRINGVILLE,UT,84663,(801) 489-6755,MOBILE HOME PARK,UTAH,,MEDIUM (51-100),40,15,28,15,98,A,unit count unknown
GREEN ACRES MHP,7204 LARKSPUR LANE,POWELL,TN,37849,(423) 938-4736,MOBILE HOME PARK,KNOX,,MEDIUM (51-100),40,15,28,15,98,A,unit count unknown
GREEN ACRES MOBILE & REC. VEHICLE PARK,2605 WEST VAN BUREN STREET,PHOENIX,AZ,85009,(602) 272-7863,MOBILE HOME PARK,MARICOPA,,MEDIUM (51-100),40,15,28,15,98,A,unit count unknown
GREEN ACRES TRAILER PARK,501 WEST MOANA LANE,RENO,NV,89509,(775) 827-2482,MOBILE HOME PARK,WASHOE,,MEDIUM (51-100),40,15,28,15,98,A,unit count unknown
HENDERSONVILLE MOBILE VILLAGE,311 OLD SHACKLE ISLAND ROAD #47,HENDERSONVILLE,TN,37075,(615) 824-1811,MOBILE HOME PARK,SUMNER,,MEDIUM (51-100),40,15,28,15,98,A,unit count unknown
JOPA TRAILER PARK,2006 PRATER WAY,SPARKS,NV,89431,(775) 358-4155,MOBILE HOME PARK,WASHOE,,MEDIUM (51-100),40,15,28,15,98,A,unit count unknown
KING'S MOBILE ESTATES,19 KINGS MOBILE HOMES,OPELIKA,AL,36801,(334) 749-3320,MOBILE HOME PARK,LEE,,MEDIUM (51-100),40,15,28,15,98,A,unit count unknown
KIRKLEY'S MOBILE HOME COURT,2206 HIGHWAY 15,MYRTLE BEACH,SC,29577,(803) 448-2601,MOBILE HOME PARK,HORRY,,MEDIUM (51-100),40,15,28,15,98,A,unit count unknown
LAKESIDE VILLAGE,30 GIEL DRIVE,DELAND,FL,32720,(386) 734-1574,MOBILE HOME PARK,VOLUSIA,,MEDIUM (51-100),40,15,28,15,98,A,unit count unknown
LAMPLIGHTER VILLAGE HOME,7800 BONDHAVEN DRIVE,CHARLOTTE,NC,28215,(704) 568-0643,MOBILE HOME PARK,MECKLENBURG,,MEDIUM (51-100),40,15,28,15,98,A,unit count unknown
MALLARD POINT TRAILER COURT,22260 HIGHWAY 98,FOLEY,AL,36535,(334) 943-2038,MOBILE HOME PARK,BALDWIN,,MEDIUM (51-100),40,15,28,15,98,A,unit count unknown
MAPLE CREEK ESTATES,903 S MAIN ST,GREER,SC,29650,NOT AVAILABLE,MOBILE HOME PARK,GREENVILLE,,MEDIUM (51-100),40,15,28,15,98,A,unit count unknown
MAPLE MANOR,312 MAPLE STREET,SMYRNA,TN,37167,(615) 459-0090,MOBILE HOME PARK,RUTHERFORD,,MEDIUM (51-100),40,15,28,15,98,A,unit count unknown
MEADOWS TRAILER PARK,1286 SOUTH MOJAVE ROAD,LAS VEGAS,NV,89104,(702) 457-2090,MOBILE HOME PARK,CLARK,,MEDIUM (51-100),40,15,28,15,98,A,unit count unknown
MICHIGAN TRAILER PARK,3140 WEST OSBORN ROAD,PHOENIX,AZ,85017,(602) 269-0122,MOBILE HOME PARK,MARICOPA,,MEDIUM (51-100),40,15,28,15,98,A,unit count unknown
MIDWAY TRAILER PARK,1833 STACEY STREET,MYRTLE BEACH,SC,29577,(803) 293-2756,MOBILE HOME PARK,HORRY,,MEDIUM (51-100),40,15,28,15,98,A,unit count unknown
MIDWAY TRAILER PARK,1800 WARD DR,HENDERSON,NV,89011,NOT AVAILABLE,MOBILE HOME PARK,CLARK,,MEDIUM (51-100),40,15,28,15,98,A,unit count unknown
MIMOSA TRAILER PARK,8783 DAYTON PIKE,SODDY-DAISY,TN,37379,(423) 332-2323,MOBILE HOME PARK,HAMILTON,,MEDIUM (51-100),40,15,28,15,98,A,unit count unknown
MOORE'S MHP,701 ELM STREET,BOULDER CITY,NV,89005,(702) 293-2537,MOBILE HOME PARK,CLARK,,MEDIUM (51-100),40,15,28,15,98,A,unit count unknown
NEW PROVIDENCE & SHADY REST,708 PROVIDENCE BOULEVARD,CLARKSVILLE,TN,37042,(931) 647-2389,MOBILE HOME PARK,MONTGOMERY,,MEDIUM (51-100),40,15,28,15,98,A,unit count unknown
OAK BEND VILLAGE MOBILE HOME PARK,21271 W HWY 40,DUNNELLON,FL,34431,(352) 465-0877,MOBILE HOME PARK,MARION,,MEDIUM (51-100),40,15,28,15,98,A,unit count unknown
OAK GROVE 2,44 DIXIE CIR,GREENVILLE,SC,29605,NOT AVAILABLE,MOBILE HOME PARK,GREENVILLE,,MEDIUM (51-100),40,15,28,15,98,A,unit count unknown
OAK HILL MHP,3909 FORT WORTH HIGHWAY,WEATHERFORD,TX,76087,(817) 613-9090,MOBILE HOME PARK,PARKER,,MEDIUM (51-100),40,15,28,15,98,A,unit count unknown
OLD FARM MOBILE HOME VILLAGE,236 LANDMARK ROAD,CONWAY,SC,29527,(803) 365-1755,MOBILE HOME PARK,HORRY,,MEDIUM (51-100),40,15,28,15,98,A,unit count unknown
OLEANDER COURT MHP,10035 COUNTY ROAD 83,ELBERTA,AL,36530,(334) 986-5791,MOBILE HOME PARK,BALDWIN,,MEDIUM (51-100),40,15,28,15,98,A,unit count unknown
OTRANTO ACRES MHP,2908 OTRANTO ROAD,NORTH CHARLESTON,SC,29406,(843) 797-3542,MOBILE HOME PARK,CHARLESTON,,MEDIUM (51-100),40,15,28,15,98,A,unit count unknown
PALM DRIVE TRAILER RANCH,550 PALM DRIVE,WICKENBURG,AZ,85390,(520) 684-2376,MOBILE HOME PARK,MARICOPA,,MEDIUM (51-100),40,15,28,15,98,A,unit count unknown
PATRICK'S MHP,2000 HIGHWAY 15,MYRTLE BEACH,SC,29577,(803) 448-6369,MOBILE HOME PARK,HORRY,,MEDIUM (51-100),40,15,28,15,98,A,unit count unknown
PEACHTREE VILLAGE MOBILE HOME,1475 PEACHTREE INDUSTRIAL BOULEVARD,BUFORD,GA,30518,(770) 932-8451,MOBILE HOME PARK,GWINNETT,,MEDIUM (51-100),40,15,28,15,98,A,unit count unknown
PECAN ACRES MOBILE HOME PARK,6 PECAN ACRES MHP,MIDLOTHIAN,TX,76065,NOT AVAILABLE,MOBILE HOME PARK,ELLIS,,MEDIUM (51-100),40,15,28,15,98,A,unit count unknown
PECAN VILLAGE MOBILE HOME PARK,88 OAK HILL DR,JOSHUA,TX,76058,NOT AVAILABLE,MOBILE HOME PARK,JOHNSON,,MEDIUM (51-100),40,15,28,15,98,A,unit count unknown
PINE GROVE ESTATES,5217 RUSH ROAD,CONWAY,SC,29526,(803) 365-3335,MOBILE HOME PARK,HORRY,,MEDIUM (51-100),40,15,28,15,98,A,unit count unknown
PINE HILLS MHP,35 SUNRISE AVENUE,STOCKBRIDGE,GA,30281,(770) 474-1870,MOBILE HOME PARK,HENRY,,MEDIUM (51-100),40,15,28,15,98,A,unit count unknown
PINE LAKE VILLAGE,610 BRICK LANDING RD SW,SHALLOTTE,NC,28470,NOT AVAILABLE,MOBILE HOME PARK,BRUNSWICK,,MEDIUM (51-100),40,15,28,15,98,A,unit count unknown
PINE LAWN RANCH MHP,910 WEST GURLEY STREET,PRESCOTT,AZ,86301,(520) 445-3924,MOBILE HOME PARK,YAVAPAI,,MEDIUM (51-100),40,15,28,15,98,A,unit count unknown
PINE VALLEY ESTATES,3060 US 70,SMITHFIELD,NC,27577,NOT AVAILABLE,MOBILE HOME PARK,JOHNSTON,,MEDIUM (51-100),40,15,28,15,98,A,unit count unknown
PINE VALLEY MHP,510 PINE HILL CIRCLE,LAWRENCEVILLE,GA,30045,(770) 963-6464,MOBILE HOME PARK,GWINNETT,,MEDIUM (51-100),40,15,28,15,98,A,unit count unknown
PLANTATION ACRES MOBILE HOME,3100 ROBERTS ROAD,KNOXVILLE,TN,37924,(423) 933-5715,MOBILE HOME PARK,KNOX,,MEDIUM (51-100),40,15,28,15,98,A,unit count unknown
POOLE'S MANOR MFD. HOUSING,34 CLUB CIRCLE,ELLENWOOD,GA,30294,(770) 474-2840,MOBILE HOME PARK,HENRY,,MEDIUM (51-100),40,15,28,15,98,A,unit count unknown
QUEEN'S GRANT MHP,124 CARNIVAL STREET,CHARLOTTE,NC,28262,(704) 593-0020,MOBILE HOME PARK,MECKLENBURG,,MEDIUM (51-100),40,15,28,15,98,A,unit count unknown
RED OAK MHP,1911 AUGUSTA HIGHWAY,WEST COLUMBIA,SC,29169,(803) 791-9090,MOBILE HOME PARK,LEXINGTON,,MEDIUM (51-100),40,15,28,15,98,A,unit count unknown
RICHMOND TRAILER VILLAGE,110 RIVEREDGE DRIVE,RICHMOND,TX,77469,(281) 342-4907,MOBILE HOME PARK,FORT BEND,,MEDIUM (51-100),40,15,28,15,98,A,unit count unknown
ROBBINS NEST MOBILE VILLAGE,479 SOUTH MOAPA VALLEY BOULEVARD,OVERTON,NV,89040,(775) 397-2364,MOBILE HOME PARK,CLARK,,MEDIUM (51-100),40,15,28,15,98,A,unit count unknown
ROSEDALE MOBILE HOME COURT,1048 NORTH 48TH STREET,PHOENIX,AZ,85008,(602) 220-4596,MOBILE HOME PARK,MARICOPA,,MEDIUM (51-100),40,15,28,15,98,A,unit count unknown
ROYAL COACH VILLAGE,15500 HART ROAD,NORTH FORT MYERS,FL,33917,(239) 770-2149,MOBILE HOME PARK,LEE,,MEDIUM (51-100),40,15,28,15,98,A,unit count unknown
ROYAL PALM VILLAGE,342 SOUTH 40TH STREET,MESA,AZ,85206,(480) 830-4736,MOBILE HOME PARK,MARICOPA,,MEDIUM (51-100),40,15,28,15,98,A,unit count unknown
SARABAY TRAILER COURT,718 TAMIAMI TRAIL S,OSPREY,FL,34229,(941) 966-7602,MOBILE HOME PARK,SARASOTA,,MEDIUM (51-100),40,15,28,15,98,A,unit count unknown
SEVEN C'S MHP,120 WEST STATE ROAD,AMERICAN FORK,UT,84003,(801) 756-3996,MOBILE HOME PARK,UTAH,,MEDIUM (51-100),40,15,28,15,98,A,unit count unknown
SHADE TREE VILLAGE,800 GENTRY WAY,RENO,NV,89502,(775) 825-8787,MOBILE HOME PARK,WASHOE,,MEDIUM (51-100),40,15,28,15,98,A,unit count unknown
SHADY ACRES MOBILE PARK,1305 ADAMS STREET,PRESCOTT,AZ,86301,(520) 445-3320,MOBILE HOME PARK,YAVAPAI,,MEDIUM (51-100),40,15,28,15,98,A,unit count unknown
SHADY GROVE MHP,613 5TH AVENUE SOUTH,MYRTLE BEACH,SC,29577,(803) 448-7243,MOBILE HOME PARK,HORRY,,MEDIUM (51-100),40,15,28,15,98,A,unit count unknown
SHADY GROVE MHP,349 SHADY GROVE RD,SPRING LAKE,NC,28390,NOT AVAILABLE,MOBILE HOME PARK,HARNETT,,MEDIUM (51-100),40,15,28,15,98,A,unit count unknown
SHADY LANE MOBILE HOME & REC. VEHICLE,2436 NORTH AUSTIN STREET,SEGUIN,TX,78155,(830) 303-4400,MOBILE HOME PARK,GUADALUPE,,MEDIUM (51-100),40,15,28,15,98,A,unit count unknown
SHADY REST MHP,11435 EAST APACHE TRAIL,APACHE JUNCTION,AZ,85220,(480) 986-6997,MOBILE HOME PARK,MARICOPA,,MEDIUM (51-100),40,15,28,15,98,A,unit count unknown
SILVER SAND TRAILER PARK,9252 EAST BROADWAY ROAD,MESA,AZ,85208,(480) 984-6731,MOBILE HOME PARK,MARICOPA,,MEDIUM (51-100),40,15,28,15,98,A,unit count unknown
SPRUCE CREEK VILLAGE,515 LESLIE DR,PORT ORANGE,FL,32127,NOT AVAILABLE,MOBILE HOME PARK,VOLUSIA,,MEDIUM (51-100),40,15,28,15,98,A,unit count unknown
STONY BROOK NORTH MOBILE HOME,3000 STONEYBROOK DRIVE,RALEIGH,NC,27604,(919) 872-2346,MOBILE HOME PARK,WAKE,,MEDIUM (51-100),40,15,28,15,98,A,unit count unknown
SUN TRAILER PARK,2200 WEST VAN BUREN STREET,PHOENIX,AZ,85009,(602) 253-2650,MOBILE HOME PARK,MARICOPA,,MEDIUM (51-100),40,15,28,15,98,A,unit count unknown
SUNRISE TRAILER PARK,101 OCOTILLO ST,HENDERSON,NV,89015,NOT AVAILABLE,MOBILE HOME PARK,CLARK,,MEDIUM (51-100),40,15,28,15,98,A,unit count unknown
SUNSET MESA,929 NORTH DELAWARE DRIVE,APACHE JUNCTION,AZ,85220,(480) 982-2439,MOBILE HOME PARK,PINAL,,MEDIUM (51-100),40,15,28,15,98,A,unit count unknown
SUPERSTITION MOBILE VILLAGE,269 NORTH WINCHESTER ROAD,APACHE JUNCTION,AZ,85219,(480) 982-2746,MOBILE HOME PARK,PINAL,,MEDIUM (51-100),40,15,28,15,98,A,unit count unknown
SWANNS TRAILER PARK,84 SWANNS TLPK,AUBURN,AL,36832,NOT AVAILABLE,MOBILE HOME PARK,LEE,,MEDIUM (51-100),40,15,28,15,98,A,unit count unknown
SYLVAN GROVE,NOT AVAILABLE,NOT AVAILABLE,FL,NOT AVAILABLE,NOT AVAILABLE,MOBILE HOME PARK,HERNANDO,,MEDIUM (51-100),40,15,28,15,98,A,unit count unknown
TEAL ACRES,9406 GREEN WING DR,MURRELLS INLET,SC,29576,NOT AVAILABLE,MOBILE HOME PARK,HORRY,,MEDIUM (51-100),40,15,28,15,98,A,unit count unknown
TIKI TAI VILLAGE,5745 WEST MARYLAND AVENUE,GLENDALE,AZ,85301,(623) 939-6090,MOBILE HOME PARK,MARICOPA,,MEDIUM (51-100),40,15,28,15,98,A,unit count unknown
TOWN & COUNTRY,1110 W. MARYLAND AVE,NOT AVAILABLE,AZ,NOT AVAILABLE,NOT AVAILABLE,MOBILE HOME PARK,MARICOPA,,MEDIUM (51-100),40,15,28,15,98,A,unit count unknown
TOWN & COUNTRY MHP,3751 SOUTH REDWOOD ROAD,WEST VALLEY CITY,UT,84119,(801) 973-7045,MOBILE HOME PARK,SALT LAKE,,MEDIUM (51-100),40,15,28,15,98,A,unit count unknown
TOWN AND COUNTRY ESTATES,NOT AVAILABLE,NOT AVAILABLE,NV,NOT AVAILABLE,NOT AVAILABLE,MOBILE HOME PARK,CLARK,,MEDIUM (51-100),40,15,28,15,98,A,unit count unknown
TRAILER CORRAL,4040 WEST VAN BUREN STREET,PHOENIX,AZ,85009,(602) 278-6628,MOBILE HOME PARK,MARICOPA,,MEDIUM (51-100),40,15,28,15,98,A,unit count unknown
TURF PARADISE TRAVEL TRAILER PARK,1656 W TIERRA BUENA LN,PHOENIX,AZ,85023,(602) 942-4500,MOBILE HOME PARK,MARICOPA,,MEDIUM (51-100),40,15,28,15,98,A,unit count unknown
TURF TRAILER & MHP,1660 WEST BELL ROAD,PHOENIX,AZ,85023,(602) 942-8275,MOBILE HOME PARK,MARICOPA,,MEDIUM (51-100),40,15,28,15,98,A,unit count unknown
TWIN OAKS TRAILER PARK,5918 SELLERS ROAD,HANAHAN,SC,29406,(803) 554-5882,MOBILE HOME PARK,BERKELEY,,MEDIUM (51-100),40,15,28,15,98,A,unit count unknown
VER-EL MOBILE VILLAGE,5560 CONCORD PKY S,CONCORD,NC,28027,NOT AVAILABLE,MOBILE HOME PARK,CABARRUS,,MEDIUM (51-100),40,15,28,15,98,A,unit count unknown
VILLAGE CREEK MOBILE HOME PARK,755 BURCALE RD,MYRTLE BEACH,SC,29579,NOT AVAILABLE,MOBILE HOME PARK,HORRY,,MEDIUM (51-100),40,15,28,15,98,A,unit count unknown
WAYSTAFF TOWN & COUNTRY,4190 PINE ST,KANNAPOLIS,NC,28081,NOT AVAILABLE,MOBILE HOME PARK,CABARRUS,,MEDIUM (51-100),40,15,28,15,98,A,unit count unknown
WEAVERS NEEDLE TRAVEL TRAILER,250 SOUTH TOMAHAWK ROAD,APACHE JUNCTION,AZ,85219,(480) 982-3683,MOBILE HOME PARK,PINAL,,MEDIUM (51-100),40,15,28,15,98,A,unit count unknown
WEBSTER'S CROSSING MOBILE HOME,425 WEBSTER ROAD #810,AUBURN,AL,36832,(334) 821-0171,MOBILE HOME PARK,LEE,,MEDIUM (51-100),40,15,28,15,98,A,unit count unknown
WEST PINE MANOR,1907 W FLAMINGO AVE,NAMPA,ID,83651,NOT AVAILABLE,MOBILE HOME PARK,CANYON,,MEDIUM (51-100),40,15,28,15,98,A,unit count unknown
WHISPERING PINES,3501 GORDON DR,MYRTLE BEACH,SC,29579,NOT AVAILABLE,MOBILE HOME PARK,HORRY,,MEDIUM (51-100),40,15,28,15,98,A,unit count unknown
WHISPERING PINES MOBILE HOME,8827 DEERWOOD DRIVE,NORTH CHARLESTON,SC,29406,(843) 553-5715,MOBILE HOME PARK,CHARLESTON,,MEDIUM (51-100),40,15,28,15,98,A,unit count unknown
WHISPERING PINES MOBILE HOME,900 AIRPORT ROAD,CHATTANOOGA,TN,37421,(423) 899-8591,MOBILE HOME PARK,HAMILTON,,MEDIUM (51-100),40,15,28,15,98,A,unit count unknown
WHISPERING SANDS MOBILE HOME,1481 PALM STREET,LAS VEGAS,NV,89104,(702) 457-3909,MOBILE HOME PARK,CLARK,,MEDIUM (51-100),40,15,28,15,98,A,unit count unknown
WHITE OAK ESTATES,20255 VICK DR,NEW CANEY,TX,77357,NOT AVAILABLE,MOBILE HOME PARK,MONTGOMERY,,MEDIUM (51-100),40,15,28,15,98,A,unit count unknown
WILLIAMS TRAILER PARK,2050 SOUTH BURLESON BOULEVARD,BURLESON,TX,76028,(817) 295-7494,MOBILE HOME PARK,JOHNSON,,MEDIUM (51-100),40,15,28,15,98,A,unit count unknown
WOODLAND MOBILE VILLAGE,707 WEST 12TH STREET,COLUMBIA,TN,38401,(931) 381-3873,MOBILE HOME PARK,MAURY,,MEDIUM (51-100),40,15,28,15,98,A,unit count unknown
ZEPHYR MINI STORAGE TRAILER PARK,37216-110 ONEIDA COURT,ZEPHYRHILLS,FL,33542,(813) 782-1155,MOBILE HOME PARK,PASCO,,MEDIUM (51-100),40,15,28,15,98,A,unit count unknown
ANDY'S TRAVEL TRAILER PARK,37707 STATE 54 ROAD,ZEPHYRHILLS,FL,33541,(813) 782-3843,RECREATIONAL VEHICLE PARK,PASCO,,MEDIUM (51-100),40,15,28,15,98,A,RV park; unit count unknown
BUSHNELL TRAILER COURT,"401 N WALL STREET, LOT 75",BUSHNELL,FL,33513,(352) 793-3511,RECREATIONAL VEHICLE PARK,SUMTER,,MEDIUM (51-100),40,15,28,15,98,A,RV park; unit count unknown
CAMPER VILLAGE,3931 SW COLLEGE ROAD,OCALA,FL,34474,(352) 237-3236,RECREATIONAL VEHICLE PARK,MARION,,MEDIUM (51-100),40,15,28,15,98,A,RV park; unit count unknown
COOKSEY'S R.V. PARK,1425 S R 16,ST AUGUSTINE,FL,32084,(904) 824-4816,RECREATIONAL VEHICLE PARK,ST JOHNS,,MEDIUM (51-100),40,15,28,15,98,A,RV park; unit count unknown
COUNTRY AIRE MANOR RV PARK,10249 US 98 HIGHWAY,DADE CITY,FL,33525,(352) 523-1228,RECREATIONAL VEHICLE PARK,PASCO,,MEDIUM (51-100),40,15,28,15,98,A,RV park; unit count unknown
FAIRVIEW VILLAGE,7025 FAIRVIEW VILLAGE CIRCLE,WINTER HAVEN,FL,33881,(863) 422-9584,RECREATIONAL VEHICLE PARK,POLK,,MEDIUM (51-100),40,15,28,15,98,A,RV park; unit count unknown
GREENFIELD VILLAGE RV PARK,1015 SR 542 W,DUNDEE,FL,33838,(863) 439-7409,RECREATIONAL VEHICLE PARK,POLK,,MEDIUM (51-100),40,15,28,15,98,A,RV park; unit count unknown
HAINES CREEK RV VILLAGE,10121 CR 44E,LEESBURG,FL,34788,(352) 728-5939,RECREATIONAL VEHICLE PARK,LAKE,,MEDIUM (51-100),40,15,28,15,98,A,RV park; unit count unknown
LAKELAND VILLAGE,4535 US HIGHWAY 92 EAST,LAKELAND,FL,33801,(863) 665-7151,RECREATIONAL VEHICLE PARK,POLK,,MEDIUM (51-100),40,15,28,15,98,A,RV park; unit count unknown
"LAKESIDE MOBILE MANOR, LLP",1020 LAKESIDE DRIVE,BROOKSVILLE,FL,34601,(352) 796-4600,RECREATIONAL VEHICLE PARK,HERNANDO,,MEDIUM (51-100),40,15,28,15,98,A,RV park; unit count unknown
MEADOWS MOTEL & TRAILER,9071 TAMIAMI TRAIL S,VENICE,FL,34293,(941) 426-4183,RECREATIONAL VEHICLE PARK,SARASOTA,,MEDIUM (51-100),40,15,28,15,98,A,RV park; unit count unknown
OAK HARBOR CAMPGROUND & MOBILE HOME PARK,10000 W LAKE LOWERY ROAD,HAINES CITY,FL,33844,(863) 956-1341,RECREATIONAL VEHICLE PARK,POLK,,MEDIUM (51-100),40,15,28,15,98,A,RV park; unit count unknown
ORANGE GROVE HOME & RV PARK,647 NUNA AVENUE,FORT MYERS,FL,33905,(239) 694-5534,RECREATIONAL VEHICLE PARK,LEE,,MEDIUM (51-100),40,15,28,15,98,A,RV park; unit count unknown
PARRAMORE'S CAMPGROUND,1675 CAMP SOUTH MOON RD,ASTOR,FL,32102,(749) 749-2721,RECREATIONAL VEHICLE PARK,VOLUSIA,,MEDIUM (51-100),40,15,28,15,98,A,RV park; unit count unknown
PINE ISLAND FISH CAMP INC.,6808 LAKE GRIFFIN ROAD,LADY LAKE,FL,32159,(352) 753-2972,RECREATIONAL VEHICLE PARK,LAKE,,MEDIUM (51-100),40,15,28,15,98,A,RV park; unit count unknown
SHADY OAKS MHP & RV PARK,"34700 S HAINES CREEK ROAD, LOT O",LEESBURG,FL,34788,(352) 742-0234,RECREATIONAL VEHICLE PARK,LAKE,,MEDIUM (51-100),40,15,28,15,98,A,RV park; unit count unknown
WESTRIDGE VILLAGE MOBILE HOME,902 WEST INTERSTATE 20,WEATHERFORD,TX,76086,(817) 594-0459,RECREATIONAL VEHICLE PARK,PARKER,,MEDIUM (51-100),40,15,28,15,98,A,RV park; unit count unknown
WHISPERING PINES RV PARK,1700 NE 115TH AVENUE,SILVER SPRINGS,FL,34488,(352) 625-1295,RECREATIONAL VEHICLE PARK,MARION,,MEDIUM (51-100),40,15,28,15,98,A,RV park; unit count unknown
WILLOW LAKE RV PARK,1617 HERITAGE PARK RD,PRESCOTT,AZ,86301,NOT AVAILABLE,RECREATIONAL VEHICLE PARK,YAVAPAI,,MEDIUM (51-100),40,15,28,15,98,A,RV park; unit count unknown
AL JONES TRAILER PARK,17890 SLATER ROAD,NORTH FORT MYERS,FL,33917,(239) 543-4081,MOBILE HOME PARK,LEE,14,SMALL (<50),40,15,30,12,97,A,
BAY-VIEW TRAILER PARK,2133 TURNBULL BAY ROAD,NEW SMYRNA BEACH,FL,32168,NOT AVAILABLE,MOBILE HOME PARK,VOLUSIA,13,SMALL (<50),40,15,30,12,97,A,
BELLA BELLA TRAILER PARK,14400 BELLA BELLA LANE,ODESSA,FL,33556,(813) 920-2403,MOBILE HOME PARK,PASCO,11,SMALL (<50),40,15,30,12,97,A,
BON AIRE DELUXE TRAVELER COURT,760 SAN CARLOS DRIVE,FORT MYERS BEACH,FL,33931,(239) 218-3859,MOBILE HOME PARK,LEE,23,SMALL (<50),40,15,30,12,97,A,
COLORADO COURT,118 COLORADO AVENUE,LAKELAND,FL,33801,(863) 559-2005,MOBILE HOME PARK,POLK,10,SMALL (<50),40,15,30,12,97,A,
COUNTRY ACRES MOBILE HOME PARK,16001 TULIP TREE DRIVE,SPRING HILL,FL,34610,(727) 856-2889,MOBILE HOME PARK,PASCO,13,SMALL (<50),40,15,30,12,97,A,
COUNTRY ESTATES MHP,901 NE 95TH STREET,OCALA,FL,34479,(954) 520-1683,MOBILE HOME PARK,MARION,13,SMALL (<50),40,15,30,12,97,A,
COZY COURT MOTEL & MHP & RV,407 WOODLAND AVENUE,LAKELAND,FL,33801,(863) 665-4179,MOBILE HOME PARK,POLK,11,SMALL (<50),40,15,30,12,97,A,
CRESCENT COURT MHP A,527 W CRESCENT DRIVE,LAKELAND,FL,33809,(863) 559-9623,MOBILE HOME PARK,POLK,11,SMALL (<50),40,15,30,12,97,A,
CROSS COUNTRY MOTOR LODGE,5100 S PINE AVENUE,OCALA,FL,34470,(352) 288-9800,MOBILE HOME PARK,MARION,15,SMALL (<50),40,15,30,12,97,A,
DORA CANAL COURT,224 S LAKE AVENUE,TAVARES,FL,32778,(352) 343-6481,MOBILE HOME PARK,LAKE,14,SMALL (<50),40,15,30,12,97,A,
DRIFTWOOD VILLAGE,1709 RIDGEWOOD AVENUE S,EDGEWATER,FL,32132,(386) 428-2906,MOBILE HOME PARK,VOLUSIA,24,SMALL (<50),40,15,30,12,97,A,
EL RAY TRAILER PARK,755 ESPANOLA AVENUE,ORMOND BEACH,FL,32174,NOT AVAILABLE,MOBILE HOME PARK,VOLUSIA,10,SMALL (<50),40,15,30,12,97,A,
EVERGREEN TRAILER PARK,145 TOUCHSTONE ROAD,NORTH FORT MYERS,FL,33903,(239) 936-6167,MOBILE HOME PARK,LEE,14,SMALL (<50),40,15,30,12,97,A,
FOREST OAK ESTATES,3804 N FLORIDA AVENUE,LAKELAND,FL,33805,(863) 682-8792,MOBILE HOME PARK,POLK,12,SMALL (<50),40,15,30,12,97,A,
GARLAND MOTOR COURT,4511 LAND O'LAKES BOULEVARD,LAND O' LAKES,FL,34639,(813) 996-2330,MOBILE HOME PARK,PASCO,12,SMALL (<50),40,15,30,12,97,A,
GILLESPIE VILLAGE,2911 LOCKWOOD RIDGE ROAD N,SARASOTA,FL,34234,(941) 953-6970,MOBILE HOME PARK,SARASOTA,20,SMALL (<50),40,15,30,12,97,A,
GONZALEZ BROS. COURT,37219 GONZALEZ COURT,DADE CITY,FL,33525,(813) 714-4394,MOBILE HOME PARK,PASCO,15,SMALL (<50),40,15,30,12,97,A,
GREEN VILLAGE MOBILE HOME PARK,6025 NEW TAMPA HIGHWAY,LAKELAND,FL,33811,NOT AVAILABLE,MOBILE HOME PARK,POLK,10,SMALL (<50),40,15,30,12,97,A,
HAPPY ACRES M H P,200 NW 73RD AVENUE,OCALA,FL,34482,(352) 598-8659,MOBILE HOME PARK,MARION,10,SMALL (<50),40,15,30,12,97,A,
HARBOR OAKS TRAILER PARK,5564 BAYSHORE DRIVE W,PONCE INLET,FL,32127,(386) 441-1874,MOBILE HOME PARK,VOLUSIA,10,SMALL (<50),40,15,30,12,97,A,
HAVENER TRAILER PARK,6637 AVENUE A,SARASOTA,FL,34231,(941) 924-2257,MOBILE HOME PARK,SARASOTA,17,SMALL (<50),40,15,30,12,97,A,
HELEN'S MOBILE HOME PARK,725 CHESTNUT ROAD,LAKELAND,FL,33801,(863) 422-4272,MOBILE HOME PARK,POLK,11,SMALL (<50),40,15,30,12,97,A,
HICKORY GROVE MOBILE HOME PARK,1305 HOWELL AVENUE,BROOKSVILLE,FL,34601,(813) 679-1981,MOBILE HOME PARK,HERNANDO,18,SMALL (<50),40,15,30,12,97,A,
HILLSIDE TRAILER PARK,1247 LPGA BOULEVARD,HOLLY HILL,FL,32117,(386) 366-3480,MOBILE HOME PARK,VOLUSIA,20,SMALL (<50),40,15,30,12,97,A,
HOPE'S MOBILE HOME PARK,10950 SE 19 COURT,OCALA,FL,34480,(352) 368-1803,MOBILE HOME PARK,MARION,13,SMALL (<50),40,15,30,12,97,A,
HOSTETLER TRAILER PARK,3471 BAHIA VISTA STREET,SARASOTA,FL,34239,(941) 650-0135,MOBILE HOME PARK,SARASOTA,21,SMALL (<50),40,15,30,12,97,A,
IDLEWILD TRAILER PARK,1149 IDLEWILD AVENUE,GREEN COVE SPRINGS,FL,32043,(904) 572-8315,MOBILE HOME PARK,CLAY,10,SMALL (<50),40,15,30,12,97,A,
KATHLEEN OAK MHP,3625 KATHLEEN ROAD,LAKELAND,FL,33809,(863) 859-6630,MOBILE HOME PARK,POLK,16,SMALL (<50),40,15,30,12,97,A,
KAY'S MOBILE HOME PARK,20046 JOSEPH LANE,LAND O' LAKES,FL,34639,(813) 996-4104,MOBILE HOME PARK,PASCO,13,SMALL (<50),40,15,30,12,97,A,
KIMBALL COURT,38814 C AVENUE,ZEPHYRHILLS,FL,33542,(407) 876-3990,MOBILE HOME PARK,PASCO,22,SMALL (<50),40,15,30,12,97,A,
KINGSTON ACRES MOBILE HOME PARK,27966 OAKLAND DR,BONITA SPRINGS,FL,34135,(239) 992-2658,MOBILE HOME PARK,LEE,18,SMALL (<50),40,15,30,12,97,A,
KURRAS MOBILE VILLAGE,1090 N US 1 HIGHWAY,ORMOND BEACH,FL,32174,(386) 308-6961,MOBILE HOME PARK,VOLUSIA,12,SMALL (<50),40,15,30,12,97,A,
L AND L TRAILER PARK,1500 KAUFMAN AVENUE,SARASOTA,FL,34239,(941) 957-1937,MOBILE HOME PARK,SARASOTA,15,SMALL (<50),40,15,30,12,97,A,
LAKE BURBANK VILLAGE,2105 BRUCE STREET,LAKELAND,FL,33801,(401) 942-1538,MOBILE HOME PARK,POLK,19,SMALL (<50),40,15,30,12,97,A,
LAKE IOLA TRAILER PARK,16110 JONES LOOP,DADE CITY,FL,33525,(352) 588-3839,MOBILE HOME PARK,PASCO,10,SMALL (<50),40,15,30,12,97,A,
LAKE MARLANA ACRES,6703 LYNCHBURG RD & SUNSET DRW,WINTER HAVEN,FL,33881,(863) 967-3910,MOBILE HOME PARK,POLK,15,LARGE (>100),40,15,30,12,97,A,
LAKE PARKER COURT,1140 E LEMON STREET,LAKELAND,FL,33801,(904) 674-2417,MOBILE HOME PARK,POLK,18,SMALL (<50),40,15,30,12,97,A,
LAKE THOMAS MOBILE HOME VILLAGE,5416 VILLAGE LANE,LAND O' LAKES,FL,34639,(813) 996-7704,MOBILE HOME PARK,PASCO,14,SMALL (<50),40,15,30,12,97,A,
LAKELAND COURT FAMILY MHP,6035 NORTON ROAD,LAKELAND,FL,33809,(813) 610-2090,MOBILE HOME PARK,POLK,23,SMALL (<50),40,15,30,12,97,A,
LAKESIDE MOBILE HOME COURT,6649 CR 150,WILDWOOD,FL,34785,(352) 748-0495,MOBILE HOME PARK,SUMTER,24,SMALL (<50),40,15,30,12,97,A,
LAKEVIEW TERRACE TRAILER PARK,6070 ALLIGATOR LAKSHORE WES,ST CLOUD,FL,34769,(407) 892-2698,MOBILE HOME PARK,OSCEOLA,22,SMALL (<50),40,15,30,12,97,A,
LAND'S MOBILE HOME PARK,30 WAFFORD STREET,UMATILLA,FL,32784,(352) 383-2229,MOBILE HOME PARK,LAKE,18,SMALL (<50),40,15,30,12,97,A,
LAZY ACRES MOBILE HOME COMMUNITY,515 77TH STREET E,PALMETTO,FL,34221,(941) 724-9988,MOBILE HOME PARK,MANATEE,24,SMALL (<50),40,15,30,12,97,A,
MAGANA'S MOBILE PARK,3491 E HINSON AVENUE,HAINES CITY,FL,33844,(863) 420-0106,MOBILE HOME PARK,POLK,11,SMALL (<50),40,15,30,12,97,A,
MAGNOLIA ACRES,8026 BLUEBELL LANE,ZEPHYRHILLS,FL,33540,(813) 788-3989,MOBILE HOME PARK,PASCO,17,SMALL (<50),40,15,30,12,97,A,
MELODY ACRES MOBILE HOME PARK 2,5270 NEW TAMPA HIGHWAY,LAKELAND,FL,33815,NOT AVAILABLE,MOBILE HOME PARK,POLK,21,SMALL (<50),40,15,30,12,97,A,
MERE'S MOBILE HOME PARK,1699 IXORA DRIVE,NORTH FORT MYERS,FL,33917,(239) 995-1333,MOBILE HOME PARK,LEE,11,SMALL (<50),40,15,30,12,97,A,
MILES TRAILER PARK,2801 14TH STREET W,BRADENTON,FL,34205,(941) 920-3085,MOBILE HOME PARK,MANATEE,21,SMALL (<50),40,15,30,12,97,A,
MINNEOLA COURT MOBILE HOME INC.,104 E WASHINGTON STREET,CLERMONT,FL,34711,(407) 647-1859,MOBILE HOME PARK,LAKE,18,SMALL (<50),40,15,30,12,97,A,
MORELAND PARK TRAILER PARK,3924 CR 230,WILDWOOD,FL,34785,(352) 748-2813,MOBILE HOME PARK,SUMTER,13,SMALL (<50),40,15,30,12,97,A,
NELSON'S MOBILE HOME PARK,12480 SE 136 COURT,OCKLAWAHA,FL,32179,(352) 288-4810,MOBILE HOME PARK,MARION,19,SMALL (<50),40,15,30,12,97,A,
NORMAN VILLAGE,23 TENNESSEE LANE,AUBURNDALE,FL,33823,(863) 299-1048,MOBILE HOME PARK,POLK,20,SMALL (<50),40,15,30,12,97,A,
OAK HAVEN RETIREMENT VILLAGE,1700 WOODLAWN ROAD,ST AUGUSTINE,FL,32084,(904) 829-0040,MOBILE HOME PARK,ST JOHNS,24,SMALL (<50),40,15,30,12,97,A,
OAK HILL TRAILER PARK,450 S US 1 HIGHWAY,OAK HILL,FL,32759,(386) 589-3358,MOBILE HOME PARK,VOLUSIA,18,SMALL (<50),40,15,30,12,97,A,
OAK MANOR MOBILE RANCH,33194 MAUMEE TRACK,DADE CITY,FL,33523,(352) 583-5199,MOBILE HOME PARK,HERNANDO,21,SMALL (<50),40,15,30,12,97,A,
OAK MOBILE HOME PARK,6545 NE JACKSONVILLE ROAD,OCALA,FL,34479,(352) 239-2600,MOBILE HOME PARK,MARION,14,SMALL (<50),40,15,30,12,97,A,
OAK TREE CIRCLE MOBILE HOME PARK,6012 STATE 471 ROAD,BUSHNELL,FL,33513,(352) 538-1503,MOBILE HOME PARK,SUMTER,24,SMALL (<50),40,15,30,12,97,A,
PASCO STATION TRAILER PARK,29105 STATE ROAD 52 W,SAN ANTONIO,FL,33576,(352) 588-3839,MOBILE HOME PARK,PASCO,10,SMALL (<50),40,15,30,12,97,A,
PAT'S MOBILE HOME PARK,6531 SE 25TH COURT,OCALA,FL,34480,(352) 629-0318,MOBILE HOME PARK,MARION,12,SMALL (<50),40,15,30,12,97,A,
PAUL'S MOBILE PARK,3800 US HIGHWAY 17 92 W,HAINES CITY,FL,33844,(863) 698-4908,MOBILE HOME PARK,POLK,18,SMALL (<50),40,15,30,12,97,A,
PINE COVE MOBILE HOME PARK,334 RECKER HIGHWAY,AUBURNDALE,FL,33823,(863) 551-3529,MOBILE HOME PARK,POLK,13,SMALL (<50),40,15,30,12,97,A,
PINE ISLAND COVE,7290 LADYFISH DRIVE,ST JAMES CITY,FL,33956,(239) 283-3100,MOBILE HOME PARK,LEE,11,LARGE (>100),40,15,30,12,97,A,
PINE LAKE PARK,4845 S ORANGE BLOSSOM TRAIL,KISSIMMEE,FL,34758,(407) 319-4017,MOBILE HOME PARK,OSCEOLA,17,SMALL (<50),40,15,30,12,97,A,
PINE VILLAGE MOBILE HOME PARK,10195 SE 36TH AVENUE,BELLEVIEW,FL,34420,(352) 821-6812,MOBILE HOME PARK,MARION,12,SMALL (<50),40,15,30,12,97,A,
PLEASANT VILLAGE,4531 GALL BOULEVARD,ZEPHYRHILLS,FL,33542,(813) 781-0540,MOBILE HOME PARK,PASCO,18,SMALL (<50),40,15,30,12,97,A,
PRICE TRAILER RENTALS,515 WOODLAND AVENUE,LAKELAND,FL,33801,(863) 666-2694,MOBILE HOME PARK,POLK,12,SMALL (<50),40,15,30,12,97,A,
REED CANAL TRAILER PARK,754 REED CANAL ROAD,SOUTH DAYTONA,FL,32119,(407) 312-4416,MOBILE HOME PARK,VOLUSIA,21,SMALL (<50),40,15,30,12,97,A,
RIVER'S EDGE WEST MOBILE HOME PARK,1051 N TAMIAMI TRAIL,NORTH FORT MYERS,FL,33903,(239) 995-1333,MOBILE HOME PARK,LEE,11,SMALL (<50),40,15,30,12,97,A,
"RIVER'S EDGE WEST, LLC",33 W NORTH SHORE AVENUE,NORTH FORT MYERS,FL,33903,(239) 995-3145,MOBILE HOME PARK,LEE,14,SMALL (<50),40,15,30,12,97,A,
ROSE BAY TRAILER PARK,5986 RIDGEWOOD AVENUE S,PORT ORANGE,FL,32127,NOT AVAILABLE,MOBILE HOME PARK,VOLUSIA,11,SMALL (<50),40,15,30,12,97,A,
RUSSELL'S RENTALS,19170 N HWY 441,ORANGE LAKE,FL,32681,(352) 216-2146,MOBILE HOME PARK,MARION,10,SMALL (<50),40,15,30,12,97,A,
RUSTIC ACRES MOBILE HOME PARK,7300 TERRACE DRIVE,HUDSON,FL,34667,(850) 476-1879,MOBILE HOME PARK,PASCO,24,SMALL (<50),40,15,30,12,97,A,
SAM'S MOBILE HOME PARK,340 RECKER HIGHWAY,AUBURNDALE,FL,33823,(813) 760-1834,MOBILE HOME PARK,POLK,16,SMALL (<50),40,15,30,12,97,A,
SARASOTA SUNNY SOUTH LLC,"2100 DOUD STREET, LOT 100",SARASOTA,FL,34231,(941) 921-4409,MOBILE HOME PARK,SARASOTA,20,MEDIUM (51-100),40,15,30,12,97,A,
SERENE MH COURT,2412 BROADWAY STREET,LAKELAND,FL,33801,(863) 248-5454,MOBILE HOME PARK,POLK,11,SMALL (<50),40,15,30,12,97,A,
SHADY ACRES MOBILE HOME PARK,4040 ALPINE ROAD,LAND O' LAKES,FL,34639,(813) 996-7898,MOBILE HOME PARK,PASCO,13,SMALL (<50),40,15,30,12,97,A,
SHADY NEST MOBILE HOME PARK,10446 HWY 44,LEESBURG,FL,34788,(352) 787-4243,MOBILE HOME PARK,LAKE,18,SMALL (<50),40,15,30,12,97,A,
SHADY OAKS MOBILE HOME PARK,11925 SE HWY 301 HIGHWAY,BELLEVIEW,FL,34420,NOT AVAILABLE,MOBILE HOME PARK,MARION,13,SMALL (<50),40,15,30,12,97,A,
SHROCKS TRAILER PARK,100 INGHAM ROAD,NEW SMYRNA BEACH,FL,32168,NOT AVAILABLE,MOBILE HOME PARK,VOLUSIA,18,SMALL (<50),40,15,30,12,97,A,
SKYVIEW ACRES MOBILE HOME PARK,5025 EMERSON ROAD,BROOKSVILLE,FL,34601,(813) 679-1981,MOBILE HOME PARK,HERNANDO,10,SMALL (<50),40,15,30,12,97,A,
SOUTH MOBILE VILLAGE,117 CENTER STREET,OAK HILL,FL,32759,NOT AVAILABLE,MOBILE HOME PARK,VOLUSIA,16,LARGE (>100),40,15,30,12,97,A,
SPIKER'S MOBILE HOME PARK,4010 SPIKER'S LANE,LAKE WALES,FL,33853,(863) 537-4801,MOBILE HOME PARK,POLK,18,SMALL (<50),40,15,30,12,97,A,
SUMTER GARDENS TRAILER PARK,133 SW 59TH LANE,BUSHNELL,FL,33513,(352) 793-7340,MOBILE HOME PARK,SUMTER,13,SMALL (<50),40,15,30,12,97,A,
SUNRISE TRAILER PARK INC.,20 GRANER DRIVE,FROSTPROOF,FL,33843,(863) 443-1115,MOBILE HOME PARK,POLK,12,SMALL (<50),40,15,30,12,97,A,
T & M'S MOBILE HOME PARK,400 BLOCK LEE STREET,AUBURNDALE,FL,33823,(863) 967-5766,MOBILE HOME PARK,POLK,14,SMALL (<50),40,15,30,12,97,A,
THE TRAILER PARK,4357 CR 134,WILDWOOD,FL,34785,(352) 748-0876,MOBILE HOME PARK,SUMTER,10,SMALL (<50),40,15,30,12,97,A,
TRANQUIL TRAILER COURT,720-780 E ALFRED STREET,TAVARES,FL,32778,(352) 343-2214,MOBILE HOME PARK,LAKE,24,SMALL (<50),40,15,30,12,97,A,
TROPICANA TRAILER PARK,2010 LAND O' LAKES BOULEVARD,LUTZ,FL,33558,(813) 949-7000,MOBILE HOME PARK,PASCO,13,SMALL (<50),40,15,30,12,97,A,
TWIN PALMS TRAILER PARK,35301 CROSS ROAD,FRUITLAND PARK,FL,34731,(772) 579-8343,MOBILE HOME PARK,LAKE,23,SMALL (<50),40,15,30,12,97,A,
UNITED TRAILER PARK,120 S FORTNER AVENUE,LAKELAND,FL,33801,(863) 688-8801,MOBILE HOME PARK,POLK,11,SMALL (<50),40,15,30,12,97,A,
VAN'S MOBILE HOME PARK,36121 PAT ROAD,DADE CITY,FL,33525,(352) 567-7305,MOBILE HOME PARK,PASCO,18,SMALL (<50),40,15,30,12,97,A,
VILLA TRAILER PARK,1283 BLANDING BOULEVARD,ORANGE PARK,FL,32065,(904) 272-0857,MOBILE HOME PARK,CLAY,11,SMALL (<50),40,15,30,12,97,A,
WHIPPLE'S RUSTIC LODGE,21312 RUSTIC LODGE LANE,LAND O' LAKES,FL,34639,(813) 948-0012,MOBILE HOME PARK,PASCO,10,SMALL (<50),40,15,30,12,97,A,
WHISPERING PINES M H P,11930 SE HWY 484,BELLEVIEW,FL,34420,(352) 362-4612,MOBILE HOME PARK,MARION,15,SMALL (<50),40,15,30,12,97,A,
ZUBER'S MOBILE HOME PARK,551 COMMONWEALTH BOULEVARD,PORT ORANGE,FL,32127,(386) 761-5214,MOBILE HOME PARK,VOLUSIA,12,LARGE (>100),40,15,30,12,97,A,
ARIPEKA WEST MOBILE HOME COURT,9230 ELMIRA AVENUE,BAYONET POINT,FL,34667,(727) 868-9324,MOBILE HOME PARK,PASCO,90,MEDIUM (51-100),40,15,26,15,96,A,
BELLE GROVES VILLAGE,624 301 BOULEVARD E,BRADENTON,FL,34203,(941) 755-8080,MOBILE HOME PARK,MANATEE,88,MEDIUM (51-100),40,15,26,15,96,A,
BLUE GABLES TRAILER PARK,302 RIDGEWOOD AVENUE S,EDGEWATER,FL,32132,(386) 424-6155,MOBILE HOME PARK,VOLUSIA,62,MEDIUM (51-100),40,15,26,15,96,A,
CHAPMAN'S MHP,5600 NEW TAMPA HIGHWAY,LAKELAND,FL,33815,(863) 294-3681,MOBILE HOME PARK,POLK,74,SMALL (<50),40,15,26,15,96,A,
CHRISTMAS TREE TRAILER PARK,2400 HUTCHINS ROAD,FORT MEADE,FL,33841,(863) 773-2122,MOBILE HOME PARK,POLK,76,MEDIUM (51-100),40,15,26,15,96,A,
CLASSIC OAKS VILLAGE,255 NW 40TH AVENUE,OCALA,FL,34482,(352) 351-5334,MOBILE HOME PARK,MARION,84,MEDIUM (51-100),40,15,26,15,96,A,
COUNTRY CLUB MANOR,1701 N HWY 19 1,EUSTIS,FL,32726,(352) 357-6644,MOBILE HOME PARK,LAKE,76,MEDIUM (51-100),40,15,26,15,96,A,
COUNTRY LIFE MHP LLC,1320 ROSCOE DRIVE,KISSIMMEE,FL,34741,(407) 932-0898,MOBILE HOME PARK,OSCEOLA,75,MEDIUM (51-100),40,15,26,15,96,A,
COUNTRY LIFE PARK 1,3813 VICTOR BOULEVARD,LEESBURG,FL,34748,(321) 438-7186,MOBILE HOME PARK,LAKE,99,MEDIUM (51-100),40,15,26,15,96,A,
COUNTRY LIFE PARK 2,84 DIAMOND BOULEVARD,LEESBURG,FL,34748,(321) 438-7186,MOBILE HOME PARK,LAKE,98,MEDIUM (51-100),40,15,26,15,96,A,
COUNTRY RETREAT INC,921 FAITH CIRCLE E,BRADENTON,FL,34212,(941) 955-8338,MOBILE HOME PARK,MANATEE,76,MEDIUM (51-100),40,15,26,15,96,A,
COUNTRY SQUIRE MOBILE HOME VILLAGE,6 COUNTRY SQUIRE ROAD,PAISLEY,FL,32767,(352) 669-3107,MOBILE HOME PARK,LAKE,96,MEDIUM (51-100),40,15,26,15,96,A,
COUNTRY VILLAGE MOBILE HOME PARK,10532 BECOMING DRIVE,HUDSON,FL,34667,(727) 868-1510,MOBILE HOME PARK,PASCO,79,MEDIUM (51-100),40,15,26,15,96,A,
COUNTRYSIDE VILLAGE MHP,9063 GETTIE DRIVE,BROOKSVILLE,FL,34613,(352) 596-5086,MOBILE HOME PARK,HERNANDO,82,MEDIUM (51-100),40,15,26,15,96,A,
FISHERMAN'S COVE,36100 DOCKSIDE PLACE,DADE CITY,FL,33525,(352) 521-3601,MOBILE HOME PARK,PASCO,99,MEDIUM (51-100),40,15,26,15,96,A,
GARDEN MOBILE VILLAGE,2026 15TH STREET,WINTER HAVEN,FL,33880,(863) 299-7193,MOBILE HOME PARK,POLK,67,MEDIUM (51-100),40,15,26,15,96,A,
GOLDEN POND VILLAGE MHP,2805 SE 110 STREET,OCALA,FL,34480,(352) 245-2334,MOBILE HOME PARK,MARION,81,MEDIUM (51-100),40,15,26,15,96,A,
GROVE SHORES MOBILE COLONY,82 STEBBINS DRIVE,WINTER HAVEN,FL,33884,(863) 324-1400,MOBILE HOME PARK,POLK,80,MEDIUM (51-100),40,15,26,15,96,A,
LAKE FOX VILLAGE LLP,4950 CYPRESS GARDEN ROAD,WINTER HAVEN,FL,33884,(863) 324-5689,MOBILE HOME PARK,POLK,78,MEDIUM (51-100),40,15,26,15,96,A,
LAKE PADGETT MOBILE HOME VILLAGE,21318 ENTRY WAY,LAND O' LAKES,FL,34639,(813) 949-6313,MOBILE HOME PARK,PASCO,73,MEDIUM (51-100),40,15,26,15,96,A,
LAKESIDE ESTATES,200 DEVAULT STREET,UMATILLA,FL,32784,NOT AVAILABLE,MOBILE HOME PARK,LAKE,67,MEDIUM (51-100),40,15,26,15,96,A,
LAKESIDE OAKS MOBILE PARK,36442 LAUREL LANE,DADE CITY,FL,33525,(352) 567-1269,MOBILE HOME PARK,PASCO,69,MEDIUM (51-100),40,15,26,15,96,A,
LLOYDS TRAILER PARK,1419 26TH AVENUE W,BRADENTON,FL,34205,(941) 714-0107,MOBILE HOME PARK,MANATEE,64,MEDIUM (51-100),40,15,26,15,96,A,
LONE OAK TRAILER PARK,115 10TH STREET W,PALMETTO,FL,34221,(941) 722-2039,MOBILE HOME PARK,MANATEE,98,MEDIUM (51-100),40,15,26,15,96,A,
MAY GROVE MOBILE HOME PARK,1725 GIBSONIA GALLOWAY ROAD,LAKELAND,FL,33810,(863) 858-5826,MOBILE HOME PARK,POLK,81,MEDIUM (51-100),40,15,26,15,96,A,
MEL MAR VILLAGE,2802 14TH STREET W,BRADENTON,FL,34205,(941) 746-7158,MOBILE HOME PARK,MANATEE,81,MEDIUM (51-100),40,15,26,15,96,A,
MELODY ACRES I,5500 NEW TAMPA HIGHWAY,LAKELAND,FL,33815,NOT AVAILABLE,MOBILE HOME PARK,POLK,72,SMALL (<50),40,15,26,15,96,A,
OAK BEND MOBILE HOME PARK,14818 SHARK STREET,HUDSON,FL,34667,(727) 868-8293,MOBILE HOME PARK,PASCO,71,MEDIUM (51-100),40,15,26,15,96,A,
OAK HILL MOBILE HOME PARK,1331 OAKHILL STREET W,LAKELAND,FL,33801,(863) 688-2843,MOBILE HOME PARK,POLK,79,MEDIUM (51-100),40,15,26,15,96,A,
ORANGE GROVE MOBILE HOME PARK,2615 CORTEZ ROAD W,BRADENTON,FL,34207,(941) 373-9378,MOBILE HOME PARK,MANATEE,99,MEDIUM (51-100),40,15,26,15,96,A,
PALM GROVE MOBILE HOME PARK,"6505 HWY 301 N, LOT B-4",ELLENTON,FL,34222,(941) 792-8019,MOBILE HOME PARK,MANATEE,74,MEDIUM (51-100),40,15,26,15,96,A,
PALM SHORES MOBILE VILLAGE INC,1 E LANE,LAKE ALFRED,FL,33850,(863) 956-2162,MOBILE HOME PARK,POLK,94,MEDIUM (51-100),40,15,26,15,96,A,
PEACE RIVER VILLAGE,"2405 STATE ROAD 60 E, LOT 21",BARTOW,FL,33830,(863) 533-7823,MOBILE HOME PARK,POLK,90,MEDIUM (51-100),40,15,26,15,96,A,
PINE HAVEN MOBILE COURT,6320 14TH STREET W,BRADENTON,FL,34207,(941) 955-8338,MOBILE HOME PARK,MANATEE,76,SMALL (<50),40,15,26,15,96,A,
PINE LAKE MOBILE HOME PARK,7805 US HIGHWAY 98 NORTH,LAKELAND,FL,33809,(863) 645-1206,MOBILE HOME PARK,POLK,90,MEDIUM (51-100),40,15,26,15,96,A,
PINES TRAILER PARK,103 CHURCH AVENUE,BRADENTON BEACH,FL,34217,(941) 778-2654,MOBILE HOME PARK,MANATEE,88,MEDIUM (51-100),40,15,26,15,96,A,
PINK CITRUS TRAILER PARK,15061 STRINGFELLOW ROAD,BOKEELIA,FL,33922,(239) 282-5583,MOBILE HOME PARK,LEE,92,MEDIUM (51-100),40,15,26,15,96,A,
RAINBOW VILLAGE MHP,1015 12TH AVENUE W,PALMETTO,FL,34221,(941) 722-5148,MOBILE HOME PARK,MANATEE,72,MEDIUM (51-100),40,15,26,15,96,A,
RAINTREE VILLAGE LLC,199 RAINTREE CIRCLE,DELAND,FL,32724,(386) 717-5647,MOBILE HOME PARK,VOLUSIA,93,LARGE (>100),40,15,26,15,96,A,
RIVER BEND PARK VILLAGE INC.,5330 GREEN KEY ROAD,NEW PORT RICHEY,FL,34652,(727) 846-1769,MOBILE HOME PARK,PASCO,90,MEDIUM (51-100),40,15,26,15,96,A,
RIVERSIDE MHP LLC,5277 S RIDGEWOOD AVENUE,PORT ORANGE,FL,32128,(386) 761-7167,MOBILE HOME PARK,VOLUSIA,92,LARGE (>100),40,15,26,15,96,A,
RIVERSIDE TRAILER PARK,246 RIVERSIDE DRIVE,HOLLY HILL,FL,32117,(386) 253-7929,MOBILE HOME PARK,VOLUSIA,70,MEDIUM (51-100),40,15,26,15,96,A,
SHADY OAKS,1320 HAND AVENUE,ORMOND BEACH,FL,32174,NOT AVAILABLE,MOBILE HOME PARK,VOLUSIA,87,MEDIUM (51-100),40,15,26,15,96,A,
SHANGRI-LA MOBILE HOME VILLAGE,1310 FLEMING AVENUE,ORMOND BEACH,FL,32174,(386) 672-1276,MOBILE HOME PARK,VOLUSIA,98,MEDIUM (51-100),40,15,26,15,96,A,
SUNNY ACRES MOBILE HOME PARK,5210 14TH STREET W,BRADENTON,FL,34207,(904) 771-5878,MOBILE HOME PARK,MANATEE,64,MEDIUM (51-100),40,15,26,15,96,A,
SUNSET BY THE LAKE,180 SUNSET DRIVE,LAKE ALFRED,FL,33850,(863) 956-3182,MOBILE HOME PARK,POLK,91,MEDIUM (51-100),40,15,26,15,96,A,
SUNSHINE VILLAGE MH & RV COMM LLC,10129 SE 22ND PATH,WEBSTER,FL,33597,(352) 793-8626,MOBILE HOME PARK,SUMTER,64,MEDIUM (51-100),40,15,26,15,96,A,
SWISS VILLAGE MOBILE HOME PARK,OLD LUCERNE PARK ROAD,WINTER HAVEN,FL,33880,(863) 647-1581,MOBILE HOME PARK,POLK,83,LARGE (>100),40,15,26,15,96,A,
TANGLEWOOD VILLAGE MH PARK,2230 TANGLEWOOD DRIVE,LAKELAND,FL,33801,(407) 654-8675,MOBILE HOME PARK,POLK,63,SMALL (<50),40,15,26,15,96,A,
TICE MOBILE HOME R V COURT,541 NEW YORK DRIVE,FORT MYERS,FL,33905,(239) 694-3545,MOBILE HOME PARK,LEE,71,LARGE (>100),40,15,26,15,96,A,
TIMBER VILLAGE MOBILE HOME PK,15130-6 TIMBER VILLAGE ROAD,GROVELAND,FL,34736,(863) 318-1890,MOBILE HOME PARK,LAKE,99,MEDIUM (51-100),40,15,26,15,96,A,
TROPICAL TRAILER PARK,1825 LINHART AVENUE,FORT MYERS,FL,33901,(239) 332-0019,MOBILE HOME PARK,LEE,90,LARGE (>100),40,15,26,15,96,A,
WHISPERING OAKS LLP,6787 SE 125TH STREET,BELLEVIEW,FL,34420,(352) 347-2631,MOBILE HOME PARK,MARION,64,SMALL (<50),40,15,26,15,96,A,
WHISPERING OAKS MOBILE HOME PARK,1510 N ROYAL STREET,KISSIMMEE,FL,34744,(407) 933-2350,MOBILE HOME PARK,OSCEOLA,76,MEDIUM (51-100),40,15,26,15,96,A,
WILDWOOD MOBILE HOME VILLAGE,827 HURON STREET,WILDWOOD,FL,34785,(352) 748-0795,MOBILE HOME PARK,SUMTER,80,LARGE (>100),40,15,26,15,96,A,
WILHELM'S MOBILE HOME PARK,6330 14TH STREET W,BRADENTON,FL,34207,(941) 755-2230,MOBILE HOME PARK,MANATEE,90,MEDIUM (51-100),40,15,26,15,96,A,
WINDSOR MOBILE HOME VILLAGE,4630 S ORANGE BLOSSOM TRAIL,KISSIMMEE,FL,34758,(407) 933-5331,MOBILE HOME PARK,OSCEOLA,92,MEDIUM (51-100),40,15,26,15,96,A,
21 PALMS ON LAKE JULIANA INC.,584 STATE 559 ROAD,AUBURNDALE,FL,33823,(863) 984-1843,MOBILE HOME PARK,POLK,35,SMALL (<50),40,15,24,15,94,A,
AFFORDABLE RENTALS MHP,300 SW 40 AVENUE,OCALA,FL,34474,(352) 368-5641,MOBILE HOME PARK,MARION,29,SMALL (<50),40,15,24,15,94,A,
ARROW WOOD MHP,3305 SKYVIEW DRIVE,LAKELAND,FL,33801,(863) 865-8751,MOBILE HOME PARK,POLK,26,SMALL (<50),40,15,24,15,94,A,
ASPEN TERRACE I MHP,810 MASON AVENUE,DAYTONA BEACH,FL,32114,(386) 235-4360,MOBILE HOME PARK,VOLUSIA,43,MEDIUM (51-100),40,15,24,15,94,A,
BANYAN BEACH MOTEL & MHP LLC,1630 6TH STREET NW,WINTER HAVEN,FL,33880,(863) 293-3658,MOBILE HOME PARK,POLK,29,SMALL (<50),40,15,24,15,94,A,
BAY PALMS MOBILE HOME PARK,25163 MARION AVENUE,PUNTA GORDA,FL,33950,NOT AVAILABLE,MOBILE HOME PARK,CHARLOTTE,45,SMALL (<50),40,15,24,15,94,A,
BEACH MOBILE PARK,"32405 BEACH PARK ROAD, LOT 77",LEESBURG,FL,34788,(352) 343-6562,MOBILE HOME PARK,LAKE,51,LARGE (>100),40,15,24,15,94,A,
"BEACH STREET MANORS, LLC II",126 BEACH MANOR COURT,DAYTONA BEACH,FL,32114,(386) 257-9899,MOBILE HOME PARK,VOLUSIA,32,SMALL (<50),40,15,24,15,94,A,
BONITA HEIGHTS PARK COOPERATIVE,"3650 BONITA BEACH ROAD, LOT 28",BONITA SPRINGS,FL,34134,(239) 826-9044,MOBILE HOME PARK,LEE,34,SMALL (<50),40,15,24,15,94,A,
BREEZY OAKS,712 W JEFFERSON STREET,BROOKSVILLE,FL,34601,(352) 585-8014,MOBILE HOME PARK,HERNANDO,29,SMALL (<50),40,15,24,15,94,A,
BRIARWOOD ESTATES MHP,5310 DEESON ROAD,LAKELAND,FL,33809,(863) 859-2564,MOBILE HOME PARK,POLK,60,SMALL (<50),40,15,24,15,94,A,
BROWNS ROLLING HOME ESTATE,2540 N JOHN YOUNG PARKWAY,KISSIMMEE,FL,34741,(561) 278-7073,MOBILE HOME PARK,OSCEOLA,41,SMALL (<50),40,15,24,15,94,A,
CAMP LESTER INC,14400 REESE DRIVE,LAKE WALES,FL,33898,(863) 696-1123,MOBILE HOME PARK,POLK,26,SMALL (<50),40,15,24,15,94,A,
CAMP ROSALIE,3000 CAMP ROSALIE ROAD,LAKE WALES,FL,33898,(863) 589-2067,MOBILE HOME PARK,POLK,59,MEDIUM (51-100),40,15,24,15,94,A,
CAMP TIGER FISH CAMP,1731 SAM KEENE ROAD,LAKE WALES,FL,33898,(863) 692-1586,MOBILE HOME PARK,POLK,45,SMALL (<50),40,15,24,15,94,A,
CAP-N-MAC MOBILE HOME PARK,8365 MAIN STREET,BOKEELIA,FL,33922,(239) 283-7946,MOBILE HOME PARK,LEE,30,SMALL (<50),40,15,24,15,94,A,
CHAR-EL MOBILE HOME PARK LLC,2600 WEST HIGHLAND STREET,LAKELAND,FL,33801,(863) 937-8990,MOBILE HOME PARK,POLK,30,SMALL (<50),40,15,24,15,94,A,
CORTEZ PLAZA MOBILE PARK,616 CORTEZ ROAD W,BRADENTON,FL,34205,(941) 756-0906,MOBILE HOME PARK,MANATEE,57,MEDIUM (51-100),40,15,24,15,94,A,
CROFT MOBILE HOME PARK,BROOKS STREET,EATON PARK,FL,33840,(863) 665-6921,MOBILE HOME PARK,POLK,27,SMALL (<50),40,15,24,15,94,A,
CRYSTAL SPRINGS M H P,13914 NW HWY 27,OCALA,FL,34474,(352) 622-5809,MOBILE HOME PARK,MARION,29,SMALL (<50),40,15,24,15,94,A,
CYPRESS COVE MH COMMUNITY,11100 SYCAMORE LANE,LEESBURG,FL,34788,NOT AVAILABLE,MOBILE HOME PARK,LAKE,39,SMALL (<50),40,15,24,15,94,A,
CYPRESS COVE MOBILE HOME PARK,643 MATHEW ROAD,LAKELAND,FL,33801,(727) 686-2700,MOBILE HOME PARK,POLK,54,MEDIUM (51-100),40,15,24,15,94,A,
CYPRESS KNEE COVE,3300 CANAL ROAD,LAKE WALES,FL,33898,(863) 439-5130,MOBILE HOME PARK,POLK,32,SMALL (<50),40,15,24,15,94,A,
DAYTONA TWIN OAKS,2300 NOVA ROAD S,SOUTH DAYTONA,FL,32119,(386) 405-8324,MOBILE HOME PARK,VOLUSIA,50,SMALL (<50),40,15,24,15,94,A,
EAGLEWOOD MOBILE HOME PARK,4989 E SR-44,WILDWOOD,FL,34785,(352) 321-2071,MOBILE HOME PARK,SUMTER,35,SMALL (<50),40,15,24,15,94,A,
EVERGREEN MOTEL & MH PARK,6650 NEW TAMPA HIGHWAY,LAKELAND,FL,33801,(863) 698-4910,MOBILE HOME PARK,POLK,36,SMALL (<50),40,15,24,15,94,A,
FINSBURY PARK,16547 SE 95TH STREET ROAD,OCKLAWAHA,FL,32179,(352) 499-0125,MOBILE HOME PARK,MARION,25,SMALL (<50),40,15,24,15,94,A,
FLORILAND MOBILE HOME PARK,2500 VOLUSIA AVENUE N,ORANGE CITY,FL,32763,(386) 775-6448,MOBILE HOME PARK,VOLUSIA,40,SMALL (<50),40,15,24,15,94,A,
FOX MOBILE HOME & R.V. PARK,2020 QUEEN STREET,NORTH FORT MYERS,FL,33917,(239) 995-4695,MOBILE HOME PARK,LEE,55,SMALL (<50),40,15,24,15,94,A,
FRIENDLY SHORES MOBILE HOME PARK,"2201 RIDGEWOOD AVENUE, UNIT 40",EDGEWATER,FL,32141,(386) 423-4650,MOBILE HOME PARK,VOLUSIA,44,SMALL (<50),40,15,24,15,94,A,
G & H MOBILE HOME PARK,1501 G AND H DRIVE,KISSIMMEE,FL,34744,(407) 932-4348,MOBILE HOME PARK,OSCEOLA,34,SMALL (<50),40,15,24,15,94,A,
GOLDEN WINGS MHP,2709 PROVIDENCE ROAD,LAKELAND,FL,33805,(863) 686-0736,MOBILE HOME PARK,POLK,46,SMALL (<50),40,15,24,15,94,A,
GRANADA RV & MOBILE HOME PARK,19 YONGE STREET N,ORMOND BEACH,FL,32174,(386) 882-4867,MOBILE HOME PARK,VOLUSIA,37,SMALL (<50),40,15,24,15,94,A,
GREEN OAKS MANOR,6407 SE 108 STREET,BELLEVIEW,FL,34420,(352) 503-7114,MOBILE HOME PARK,MARION,39,SMALL (<50),40,15,24,15,94,A,
GROVELAND MOTEL & MOBILE HOMES,896 E MYERS BOULEVARD,MASCOTTE,FL,34753,(352) 429-2655,MOBILE HOME PARK,LAKE,30,SMALL (<50),40,15,24,15,94,A,
GULF BREEZE MOBILE HOME PARK OF HUDSON,7530 MARYLAND AVENUE,HUDSON,FL,34669,(727) 697-1750,MOBILE HOME PARK,PASCO,39,SMALL (<50),40,15,24,15,94,A,
"GULFSIDE MHP, LLC",5219 LIMIT DRIVE,NEW PORT RICHEY,FL,34652,(727) 484-6951,MOBILE HOME PARK,PASCO,49,SMALL (<50),40,15,24,15,94,A,
HARBOR OAKS HOMEOWNERS COOP. INC.,03990 PICCIOLA ROAD,FRUITLAND PARK,FL,34731,(352) 787-1908,MOBILE HOME PARK,LAKE,28,LARGE (>100),40,15,24,15,94,A,
HAVEN ON LAKE HARRIS,32321 HAVEN COURT,LEESBURG,FL,34788,(352) 383-3435,MOBILE HOME PARK,LAKE,36,SMALL (<50),40,15,24,15,94,A,
HAWTHORNE AT LEESBURG,100 HAWTHORNE BOULEVARD,LEESBURG,FL,34748,(352) 787-1369,MOBILE HOME PARK,LAKE,41,LARGE (>100),40,15,24,15,94,A,
HI-WAY & SHORES MOBILE HOME PARK,4901 HIGHWAY 301,ELLENTON,FL,34222,(941) 722-7059,MOBILE HOME PARK,MANATEE,33,SMALL (<50),40,15,24,15,94,A,
HIBISCUS GARDENS,5900 NEW TAMPA HIGHWAY,LAKELAND,FL,33801,(863) 683-7518,MOBILE HOME PARK,POLK,25,SMALL (<50),40,15,24,15,94,A,
HIDE A WAY HARBOR,48 HARBOR CIRCLE,ASTATULA,FL,34705,(352) 742-1885,MOBILE HOME PARK,LAKE,35,SMALL (<50),40,15,24,15,94,A,
HIDEAWAY MOBILE HOME PARK,3860 DOCTORS LAKE DRIVE,ORANGE PARK,FL,32065,(904) 251-4403,MOBILE HOME PARK,CLAY,49,SMALL (<50),40,15,24,15,94,A,
HILLTOP RENTALS LLC,20 OLEANDER CIRCLE,LAKELAND,FL,33801,(863) 683-0459,MOBILE HOME PARK,POLK,46,SMALL (<50),40,15,24,15,94,A,
HOLIDAY MOBILE HOME PARK,7515 DECEMBER DRIVE,PORT RICHEY,FL,34668,(407) 405-6207,MOBILE HOME PARK,PASCO,55,MEDIUM (51-100),40,15,24,15,94,A,
ISTACHATTA MOBILE HOME PARK,"28065 FREEWALT STREET, LOT 23",BROOKSVILLE,FL,34601,(352) 799-0522,MOBILE HOME PARK,HERNANDO,25,SMALL (<50),40,15,24,15,94,A,
J & N MOBILE HOME PARK,1721 CORTEZ ROAD W,BRADENTON,FL,34207,(941) 962-6641,MOBILE HOME PARK,MANATEE,49,SMALL (<50),40,15,24,15,94,A,
KINGS MOBILE PARK,2410 OLD VINELAND ROAD,KISSIMMEE,FL,34746,(407) 390-7562,MOBILE HOME PARK,OSCEOLA,25,SMALL (<50),40,15,24,15,94,A,
LAKE ASHBY MOBILE HOME PARK,1165 STATE 415 ROAD,NEW SMYRNA BEACH,FL,32168,NOT AVAILABLE,MOBILE HOME PARK,VOLUSIA,45,SMALL (<50),40,15,24,15,94,A,
LAKE BAMBI MOBILE HOME/RV PARK,6105 LAND O' LAKES BOULEVARD,LAND O' LAKES,FL,34639,(813) 996-6468,MOBILE HOME PARK,PASCO,33,SMALL (<50),40,15,24,15,94,A,
LAKE DORR MOBILE HOME & RV,19246 SUNFISH LANE,ALTOONA,FL,32702,(352) 735-2071,MOBILE HOME PARK,LAKE,25,SMALL (<50),40,15,24,15,94,A,
LAKE GENEVA MOBILE HOME PARK,7829 STATE ROAD 100,KEYSTONE HEIGHTS,FL,32656,(904) 994-4140,MOBILE HOME PARK,CLAY,32,SMALL (<50),40,15,24,15,94,A,
LAKE HARRIS HIDE-AWAY MHP,10550 HOLLOWAY DRIVE,LEESBURG,FL,34788,(352) 343-6562,MOBILE HOME PARK,LAKE,44,SMALL (<50),40,15,24,15,94,A,
LAKE LINDA CIRCLE CO-OP INC.,2036 LAKE LINDA CIRCLE,LUTZ,FL,33558,(813) 389-1021,MOBILE HOME PARK,PASCO,26,SMALL (<50),40,15,24,15,94,A,
LAKE SAUNDERS MOBILE HOME PARK,4301 HWY 19A,MOUNT DORA,FL,32757,(407) 704-2136,MOBILE HOME PARK,LAKE,47,SMALL (<50),40,15,24,15,94,A,
LAKE WALES MHP LLC,2891 FREELANDER ROAD,LAKE WALES,FL,33853,(813) 661-4268,MOBILE HOME PARK,POLK,56,SMALL (<50),40,15,24,15,94,A,
LAKE WALES MOBILE HOME PARK,705 SCENIC HIGHWAY NORTH,LAKE WALES,FL,33853,(863) 223-2256,MOBILE HOME PARK,POLK,46,SMALL (<50),40,15,24,15,94,A,
LAKE WEIR PINES M H P,14455 S HWY 25,OCKLAWAHA,FL,32179,(352) 427-9092,MOBILE HOME PARK,MARION,25,SMALL (<50),40,15,24,15,94,A,
LAKEFRONT MOBILE HOME PARK,HIGHWAY 630 A,FROSTPROOF,FL,33843,(863) 635-3974,MOBILE HOME PARK,POLK,39,SMALL (<50),40,15,24,15,94,A,
LAKELAND GARDENS MH PARK,3741 OLD TAMPA HIGHWAY,LAKELAND,FL,33811,(863) 304-6849,MOBILE HOME PARK,POLK,42,SMALL (<50),40,15,24,15,94,A,
LAKEVIEW IN THE HILLS M H P,10515 US 301 HIGHWAY,DADE CITY,FL,33525,(352) 523-1813,MOBILE HOME PARK,PASCO,50,SMALL (<50),40,15,24,15,94,A,
LAUREL MOBILE HOME PARK,18721 US HWY 27 S,LAKE WALES,FL,33853,(863) 679-3349,MOBILE HOME PARK,POLK,34,SMALL (<50),40,15,24,15,94,A,
LAZY BREEZE MH RVP,38101 WILLINGHAM DRIVE,DADE CITY,FL,33525,(352) 807-1680,MOBILE HOME PARK,PASCO,39,MEDIUM (51-100),40,15,24,15,94,A,
LAZY J MOBILE HOME & RV PARK,1263 GOLDEN LAKE ROAD,FORT MYERS,FL,33905,(239) 694-5038,MOBILE HOME PARK,LEE,57,MEDIUM (51-100),40,15,24,15,94,A,
LEISURE HOMES MHP,1675 LYNCHBURG ROAD,LAKE ALFRED,FL,33850,(863) 207-1221,MOBILE HOME PARK,POLK,54,SMALL (<50),40,15,24,15,94,A,
MASCOTTE MOBILE HOME PARK,447 ASHMORE AVENUE,MASCOTTE,FL,34753,(352) 429-3474,MOBILE HOME PARK,LAKE,25,SMALL (<50),40,15,24,15,94,A,
MOSSLEY OAKS MOBILE HOME PARK,6912 S PINE AVENUE,OCALA,FL,34480,(407) 227-7099,MOBILE HOME PARK,MARION,33,SMALL (<50),40,15,24,15,94,A,
OAKMONT MHP LLC,3710 OLD TAMPA HIGHWAY 17,LAKELAND,FL,33811,(703) 403-7774,MOBILE HOME PARK,POLK,50,SMALL (<50),40,15,24,15,94,A,
OCEAN AIR ESTATES,1311 TURNBULL STREET,NEW SMYRNA BEACH,FL,32168,(386) 428-2223,MOBILE HOME PARK,VOLUSIA,50,SMALL (<50),40,15,24,15,94,A,
ORANGE HEIGHTS MOBILE HOME PARK,5912 TWIN BEND LOOP,NEW PORT RICHEY,FL,34652,(727) 939-8804,MOBILE HOME PARK,PASCO,37,LARGE (>100),40,15,24,15,94,A,
"OUTPOST, THE",2250 US HIGHWAY 92 WEST,WINTER HAVEN,FL,33880,(863) 268-1111,MOBILE HOME PARK,POLK,31,SMALL (<50),40,15,24,15,94,A,
OYSTER CREEK MOBILE HOME PARK,6767 SAN CASA DRIVE,ENGLEWOOD,FL,34224,(941) 408-8293,MOBILE HOME PARK,CHARLOTTE,50,SMALL (<50),40,15,24,15,94,A,
PALM SHORES MOBILE HOME PARK,6147 RIDGEWOOD AVENUE,PORT ORANGE,FL,32127,NOT AVAILABLE,MOBILE HOME PARK,VOLUSIA,48,SMALL (<50),40,15,24,15,94,A,
PALMS MOBILE HOME PARK,1805 US HIGHWAY 92 W,AUBURNDALE,FL,33823,(813) 971-3750,MOBILE HOME PARK,POLK,54,SMALL (<50),40,15,24,15,94,A,
PAR-A-DISE MOBILE HOME PARK,16767 SE HWY 301,SUMMERFIELD,FL,34491,(352) 245-7448,MOBILE HOME PARK,MARION,34,SMALL (<50),40,15,24,15,94,A,
PARK POINTE MOBILE HOME VILLAS,"7500 PARK POINTE DRIVE, UNIT 55",ENGLEWOOD,FL,34224,(941) 697-2734,MOBILE HOME PARK,CHARLOTTE,54,MEDIUM (51-100),40,15,24,15,94,A,
PEGEL POINT MOBILE HOME PARK,327 3RD ST DRIVE W,PALMETTO,FL,34221,NOT AVAILABLE,MOBILE HOME PARK,MANATEE,38,SMALL (<50),40,15,24,15,94,A,
PENNEY PARK ESTATES,1001 NE 77 STREET,OCALA,FL,34479,(352) 369-0937,MOBILE HOME PARK,MARION,27,SMALL (<50),40,15,24,15,94,A,
PERRYWOOD VILLA MH COMMUNITY,767 ESPANOLA AVENUE,ORMOND BEACH,FL,32174,(678) 508-1427,MOBILE HOME PARK,VOLUSIA,37,SMALL (<50),40,15,24,15,94,A,
PLEASANT RIDGE MOBILE HOME PK,330 BRACEY ROAD,LAKELAND,FL,33809,(863) 581-7231,MOBILE HOME PARK,POLK,25,SMALL (<50),40,15,24,15,94,A,
PLEASANT VIEW MOBILE HOME PARK,2251 FT MEADE ROAD,FROSTPROOF,FL,33843,(863) 635-3650,MOBILE HOME PARK,POLK,35,SMALL (<50),40,15,24,15,94,A,
PROCTORS MHPK 1,1111 US HIGHWAY 17/92 NORTH,DAVENPORT,FL,33837,NOT AVAILABLE,MOBILE HOME PARK,POLK,28,SMALL (<50),40,15,24,15,94,A,
RAILS END MOBILE HOME PARK,7250 E SR 44,WILDWOOD,FL,34785,(352) 748-1224,MOBILE HOME PARK,SUMTER,57,MEDIUM (51-100),40,15,24,15,94,A,
RIVERVIEW PINES MOBILE HOME PK,805 S RIDGEWOOD AVENUE 9,EDGEWATER,FL,32132,NOT AVAILABLE,MOBILE HOME PARK,VOLUSIA,25,SMALL (<50),40,15,24,15,94,A,
RIVIERA MOBILE HOME & RV PARK,2760 BOTTS LANDING ROAD,DELAND,FL,32720,(386) 822-5662,MOBILE HOME PARK,VOLUSIA,40,SMALL (<50),40,15,24,15,94,A,
ROYAL COACH ESTATES,15390 HART ROAD,NORTH FORT MYERS,FL,33917,(239) 543-1979,MOBILE HOME PARK,LEE,45,SMALL (<50),40,15,24,15,94,A,
ROYAL OAKS,800 W PARK AVENUE,EDGEWATER,FL,32132,(386) 427-0422,MOBILE HOME PARK,VOLUSIA,51,MEDIUM (51-100),40,15,24,15,94,A,
S & S MOBILE HOME PARK,8937 KLOSS LANE,HUDSON,FL,34667,(727) 862-3319,MOBILE HOME PARK,PASCO,30,SMALL (<50),40,15,24,15,94,A,
SAGO PALMS MOBILE HOME PARK,134 SAGO CIRCLE,DELAND,FL,32724,(407) 694-5871,MOBILE HOME PARK,VOLUSIA,27,SMALL (<50),40,15,24,15,94,A,
SALDIVAR HOUSING - MOBILE HOME PARK,13520 BONITA BEACH ROAD SE,BONITA SPRINGS,FL,34135,(239) 910-4126,MOBILE HOME PARK,LEE,48,SMALL (<50),40,15,24,15,94,A,
SAN CARLOS LODGE,790 SAN CARLOS DRIVE,FORT MYERS BEACH,FL,33931,(239) 463-8865,MOBILE HOME PARK,LEE,28,SMALL (<50),40,15,24,15,94,A,
SARASOTA BAY MOBILE HOME,42 OAK STREET W,OSPREY,FL,34229,(941) 966-5430,MOBILE HOME PARK,SARASOTA,60,MEDIUM (51-100),40,15,24,15,94,A,
SEAHORSE MHP,3490 US 1 S,ST AUGUSTINE,FL,32086,(904) 797-5678,MOBILE HOME PARK,ST JOHNS,33,SMALL (<50),40,15,24,15,94,A,
"SEAHORSE MOBILE HOME PARK, LLC",414 N RIDGEWOOD AVENUE 1,EDGEWATER,FL,32132,(386) 736-1620,MOBILE HOME PARK,VOLUSIA,47,MEDIUM (51-100),40,15,24,15,94,A,
SERENITY OAKS MHP,2770 SW 87TH PLACE,OCALA,FL,34476,(352) 854-0966,MOBILE HOME PARK,MARION,56,MEDIUM (51-100),40,15,24,15,94,A,
SHANGRI-LA MOBILE HOME PARK,3388 5TH AVENUE,ST JAMES CITY,FL,33956,(239) 283-2688,MOBILE HOME PARK,LEE,30,SMALL (<50),40,15,24,15,94,A,
SIESTA MOBILE HOME PARK,345 W BUELL DRIVE,FORT MYERS,FL,33905,(239) 543-4701,MOBILE HOME PARK,LEE,52,MEDIUM (51-100),40,15,24,15,94,A,
"SIESTA PALM ESTATES, LLC",1130 N SWINDELL AVENUE,LAKELAND,FL,33805,(630) 479-2600,MOBILE HOME PARK,POLK,25,SMALL (<50),40,15,24,15,94,A,
SOUTHERN OAKS,3276 MT TABOR ROAD,LAKELAND,FL,33810,(863) 255-2941,MOBILE HOME PARK,POLK,30,SMALL (<50),40,15,24,15,94,A,
SPRING GARDEN RANCH M H P,900 SPRING GARDEN RANCH ROAD,DE LEON SPRINGS,FL,32130,(386) 985-5654,MOBILE HOME PARK,VOLUSIA,39,SMALL (<50),40,15,24,15,94,A,
SPRING LAKE MOBILE HOME PARK LLC,3731 STATE ROAD 60 EAST,LAKE WALES,FL,33853,(863) 698-9451,MOBILE HOME PARK,POLK,31,SMALL (<50),40,15,24,15,94,A,
STAR MOBILE HOME PARK,204 41ST AVENUE E,BRADENTON,FL,34208,NOT AVAILABLE,MOBILE HOME PARK,MANATEE,28,SMALL (<50),40,15,24,15,94,A,
SUBURBAN MOBILE HOME PARK,3530 S PINE AVENUE,OCALA,FL,34471,(352) 351-3803,MOBILE HOME PARK,MARION,42,SMALL (<50),40,15,24,15,94,A,
SUGAR LANE MOBILE HOME PARK,16916 BACHMANN DRIVE,HUDSON,FL,34667,(727) 457-2560,MOBILE HOME PARK,PASCO,25,SMALL (<50),40,15,24,15,94,A,
SUGAR MILL MOBILE HOME PARK,2590 SR 44,NEW SMYRNA BEACH,FL,32168,(407) 740-8773,MOBILE HOME PARK,VOLUSIA,40,SMALL (<50),40,15,24,15,94,A,
SUNDANCE MOBILE HOME PARK,396 W JACKSON,KISSIMMEE,FL,34741,(407) 443-1014,MOBILE HOME PARK,OSCEOLA,30,SMALL (<50),40,15,24,15,94,A,
SUNSHINE MOBILE HOME PARK,2701 SR 11,DELAND,FL,32724,(352) 753-2415,MOBILE HOME PARK,VOLUSIA,29,SMALL (<50),40,15,24,15,94,A,
SUWANNEE MOBILE HOME PARK,2850 RIDGEWOOD S,SOUTH DAYTONA,FL,32119,(702) 289-8587,MOBILE HOME PARK,VOLUSIA,44,MEDIUM (51-100),40,15,24,15,94,A,
"SWIFT MHP, LLC",1846 POWELL DRIVE,NORTH FORT MYERS,FL,33917,(239) 997-4636,MOBILE HOME PARK,LEE,45,MEDIUM (51-100),40,15,24,15,94,A,
TEN ROCKS MOBILE HOME PARK,3925 N COMBEE ROAD,LAKELAND,FL,33801,(863) 688-0136,MOBILE HOME PARK,POLK,36,SMALL (<50),40,15,24,15,94,A,
TORCHLITE MHP PARK LLC,10201 HWY 27 S,CLERMONT,FL,34711,(352) 394-3716,MOBILE HOME PARK,LAKE,54,MEDIUM (51-100),40,15,24,15,94,A,
TRANQUILITY MHP LLC,1895 W C-48,BUSHNELL,FL,33513,(352) 302-1867,MOBILE HOME PARK,SUMTER,25,LARGE (>100),40,15,24,15,94,A,
TWELVE OAKS MOBILE HOME PARK,3345 NORTH FLORIDA AVENUE,LAKELAND,FL,33805,(863) 853-3900,MOBILE HOME PARK,POLK,33,SMALL (<50),40,15,24,15,94,A,
TWIN OAKS MOBILE HOME PARK,4530 9TH STREET E,BRADENTON,FL,34208,(941) 753-3913,MOBILE HOME PARK,MANATEE,50,SMALL (<50),40,15,24,15,94,A,
TWIN OAKS MOBILE HOME PARK,17 SE 20TH COURT,OCALA,FL,34471,(352) 622-8842,MOBILE HOME PARK,MARION,48,SMALL (<50),40,15,24,15,94,A,
TYSUN LANE MH & RV PARK,"950 S WOODLAND BOULEVARD, OFFICE 39",DELAND,FL,32720,(386) 738-3389,MOBILE HOME PARK,VOLUSIA,47,SMALL (<50),40,15,24,15,94,A,
UNCLE JOES FISH CAMP,4535 WALK IN WATER ROAD,LAKE WALES,FL,33853,(863) 696-1101,MOBILE HOME PARK,POLK,26,SMALL (<50),40,15,24,15,94,A,
W T MOBILE HOME INC.,3708 MANATEE AVENUE W,BRADENTON,FL,34205,(941) 747-7709,MOBILE HOME PARK,MANATEE,34,SMALL (<50),40,15,24,15,94,A,
WAGON WHEEL MOBILE HOME PARK,1410 S HOAGLAND BOULEVARD,KISSIMMEE,FL,34741,(407) 928-6002,MOBILE HOME PARK,OSCEOLA,25,SMALL (<50),40,15,24,15,94,A,
WATERS EDGE MOBILE HOME PARK,2800 RIDGEWOOD AVENUE S,SOUTH DAYTONA,FL,32119,(386) 767-4106,MOBILE HOME PARK,VOLUSIA,55,MEDIUM (51-100),40,15,24,15,94,A,
WESTWOOD MOBILE HOME PARK,1804 NELSON AVENUE,ORMOND BEACH,FL,32174,(352) 678-5300,MOBILE HOME PARK,VOLUSIA,44,MEDIUM (51-100),40,15,24,15,94,A,
WHITE BIRD MOTEL & MOBILE HM PK,1100 DIXIE HIGHWAY N,NEW SMYRNA BEACH,FL,32168,(386) 428-4145,MOBILE HOME PARK,VOLUSIA,49,MEDIUM (51-100),40,15,24,15,94,A,
WINTERSET SHORES ESTATES,SR 540A HUMMINGBIRD LANE,WINTER HAVEN,FL,33880,(863) 206-2383,MOBILE HOME PARK,POLK,41,SMALL (<50),40,15,24,15,94,A,
WYNNHAVEN ON THE WITHLACOOCHEE LLC,8271 W C-48,BUSHNELL,FL,33513,(813) 294-1927,MOBILE HOME PARK,SUMTER,47,SMALL (<50),40,15,24,15,94,A,
A & A MOBILE HOME ESTATES,125 JAMES MADISON DRIVE SOUTHWEST,HUNTSVILLE,AL,35824,(205) 772-0198,MOBILE HOME PARK,MADISON,,MEDIUM (51-100),40,15,22,15,92,A,unit count unknown
A & F TRAILER PARK,2435 WEST INDIAN SCHOOL ROAD,PHOENIX,AZ,85015,(602) 277-6957,MOBILE HOME PARK,MARICOPA,,SMALL (<50),40,15,26,11,92,A,unit count unknown
A & F TRAILER PARK,2435 W INDIAN SCHOOL RD,PHOENIX,AZ,85015,NOT AVAILABLE,MOBILE HOME PARK,MARICOPA,,SMALL (<50),40,15,26,11,92,A,unit count unknown
A TINY WOOD VILLAGE,67 WEST 9000 SOUTH,SANDY,UT,84070,(801) 255-0228,MOBILE HOME PARK,SALT LAKE,,SMALL (<50),40,15,26,11,92,A,unit count unknown
A-GREEN VALLEY TRAILER PARK,3240 EAST SOUTHERN AVENUE,PHOENIX,AZ,85040,(602) 276-8075,MOBILE HOME PARK,MARICOPA,,SMALL (<50),40,15,26,11,92,A,unit count unknown
A&F MOBILE HOME PARK,65 WEST FAIRVIEW STREET,NOT AVAILABLE,AZ,NOT AVAILABLE,(520) 888-3219,MOBILE HOME PARK,MARICOPA,,MEDIUM (51-100),40,15,22,15,92,A,unit count unknown
ACACIA VILLA MHP,1770 NORTH VALLEY DRIVE,APACHE JUNCTION,AZ,85220,(480) 982-7767,MOBILE HOME PARK,PINAL,,MEDIUM (51-100),40,15,22,15,92,A,unit count unknown
ACE TRAILER PARK,3485 NORTH NELLIS BOULEVARD,LAS VEGAS,NV,89115,(702) 643-8483,MOBILE HOME PARK,CLARK,,SMALL (<50),40,15,26,11,92,A,unit count unknown
ACRES OF SHADE MHP,1708 SHEPHERD ROAD,CHATTANOOGA,TN,37421,(423) 892-0732,MOBILE HOME PARK,HAMILTON,,SMALL (<50),40,15,26,11,92,A,unit count unknown
AIRE LIBRE MHP,16424 NORTH 29TH STREET,PHOENIX,AZ,85032,(602) 992-4201,MOBILE HOME PARK,MARICOPA,,MEDIUM (51-100),40,15,22,15,92,A,unit count unknown
ALL SEASONS MOBILE HOME COMMUNITY,290 N REDWOOD ROAD,SALT LAKE CITY,UT,84116,(801) 359-5619,MOBILE HOME PARK,SALT LAKE,,MEDIUM (51-100),40,15,22,15,92,A,unit count unknown
ALL STAR MHP,5538 FAYETTEVILLE ROAD,RALEIGH,NC,27603,(919) 772-2039,MOBILE HOME PARK,WAKE,,MEDIUM (51-100),40,15,22,15,92,A,unit count unknown
ALTON TRAILER PARK,2179 TAMIAMI TRAIL S,VENICE,FL,34293,(941) 493-8100,MOBILE HOME PARK,SARASOTA,,SMALL (<50),40,15,26,11,92,A,unit count unknown
AMERICANA MHP INC,1800 FREEDOM DRIVE,CHARLESTON,SC,29414,(803) 766-3241,MOBILE HOME PARK,CHARLESTON,,MEDIUM (51-100),40,15,22,15,92,A,unit count unknown
ANDERSON MH COMMUNITY,82 N BRENDA ST,SPRING LAKE,NC,28390,NOT AVAILABLE,MOBILE HOME PARK,HARNETT,,MEDIUM (51-100),40,15,22,15,92,A,unit count unknown
APACHE EAST ESTATES,3500 SOUTH TOMAHAWK ROAD,APACHE JUNCTION,AZ,85219,(480) 983-1172,MOBILE HOME PARK,PINAL,,MEDIUM (51-100),40,15,22,15,92,A,unit count unknown
APACHE GARDENS MOBILE HOME,1617 NORTH IRONWOOD DRIVE,APACHE JUNCTION,AZ,85220,(480) 288-0311,MOBILE HOME PARK,PINAL,,MEDIUM (51-100),40,15,22,15,92,A,unit count unknown
APACHE PALMS TRAILER PARK,597 EAST OLD WEST HIGHWAY,APACHE JUNCTION,AZ,85219,(480) 982-3046,MOBILE HOME PARK,PINAL,,SMALL (<50),40,15,26,11,92,A,unit count unknown
APACHE SKIES MHP,102 SOUTH IRONWOOD DRIVE,APACHE JUNCTION,AZ,85220,(480) 982-6916,MOBILE HOME PARK,PINAL,,MEDIUM (51-100),40,15,22,15,92,A,unit count unknown
ARBOR MANOR MHP,16225 N 29TH STREET,PHOENIX,AZ,85032,(602) 867-2234,MOBILE HOME PARK,MARICOPA,,MEDIUM (51-100),40,15,22,15,92,A,unit count unknown
ARROW PALMS MOBILE HOME COMMUNITY,543 NORTH LAMB BOULEVARD,LAS VEGAS,NV,89110,(702) 452-1007,MOBILE HOME PARK,CLARK,,MEDIUM (51-100),40,15,22,15,92,A,unit count unknown
ARROWHEAD MHP,4175 WEST 4TH STREET,RENO,NV,89503,(775) 323-1428,MOBILE HOME PARK,WASHOE,,MEDIUM (51-100),40,15,22,15,92,A,unit count unknown
ARROWOOD MHP,10400 JOHN PRICE ROAD,CHARLOTTE,NC,28273,(704) 588-0351,MOBILE HOME PARK,MECKLENBURG,,MEDIUM (51-100),40,15,22,15,92,A,unit count unknown
ASHLEY ARBOR MHP,2900 NORTH OAKRIDGE CIRCLE,CHARLESTON,SC,29420,(803) 553-5933,MOBILE HOME PARK,CHARLESTON,,MEDIUM (51-100),40,15,22,15,92,A,unit count unknown
ASHLEY ARBOR MHP,5299 DORCHESTER ROAD,NORTH CHARLESTON,SC,29418,(843) 552-2764,MOBILE HOME PARK,CHARLESTON,,MEDIUM (51-100),40,15,22,15,92,A,unit count unknown
ATHENS TRAILER COURT & REC. VEHICLE PARK,1303 EAST ELM STREET,ATHENS,AL,35611,(205) 232-1378,MOBILE HOME PARK,LIMESTONE,,SMALL (<50),40,15,26,11,92,A,unit count unknown
AUBURN MHP,275 CARTER ROAD #3,AUBURN,GA,30011,(770) 963-5018,MOBILE HOME PARK,BARROW,,MEDIUM (51-100),40,15,22,15,92,A,unit count unknown
AVALON PARK,387 WEBSTER ROAD,AUBURN,AL,36832,(334) 821-5891,MOBILE HOME PARK,LEE,,MEDIUM (51-100),40,15,22,15,92,A,unit count unknown
AXSON'S MOBILE HOME PARK,1754 NE 180 STREET,CITRA,FL,32113,(352) 595-4061,MOBILE HOME PARK,MARION,,SMALL (<50),40,15,26,11,92,A,unit count unknown
BAILEY PARKER COURT,NOT AVAILABLE,NOT AVAILABLE,NC,NOT AVAILABLE,(919) 796-0612,MOBILE HOME PARK,HARNETT,,SMALL (<50),40,15,26,11,92,A,unit count unknown
BAKER'S TRAILER PARK & CMPGRND,431 OLD LAFAYETTE HIGHWAY,OPELIKA,AL,36801,(334) 745-5165,MOBILE HOME PARK,LEE,,SMALL (<50),40,15,26,11,92,A,unit count unknown
BARRON'S TRAILER PARK,WIRE ROAD,AUBURN,AL,36830,(334) 821-1335,MOBILE HOME PARK,LEE,,SMALL (<50),40,15,26,11,92,A,unit count unknown
BAY FRONT MOBILE HOME COURT,922 SARABAY ROAD,OSPREY,FL,34229,(941) 966-6506,MOBILE HOME PARK,SARASOTA,,SMALL (<50),40,15,26,11,92,A,unit count unknown
BAYWOOD ESTATES,9010 BAYWOOD CIR,MYRTLE BEACH,SC,29588,NOT AVAILABLE,MOBILE HOME PARK,HORRY,,MEDIUM (51-100),40,15,22,15,92,A,unit count unknown
BELHAVEN ESTATES,7115 BELLHAVEN BOULEVARD,CHARLOTTE,NC,28216,(704) 398-1146,MOBILE HOME PARK,MECKLENBURG,,MEDIUM (51-100),40,15,22,15,92,A,unit count unknown
BELL CROSSING,750 DUNLOP LN,CLARKSVILLE,TN,37043,(866) 786-0138,MOBILE HOME PARK,MONTGOMERY,,MEDIUM (51-100),40,15,22,15,92,A,unit count unknown
BELL'S MHP,303 OWENS DRIVE,SUMMERVILLE,SC,29485,(803) 821-0613,MOBILE HOME PARK,CHARLESTON,,SMALL (<50),40,15,26,11,92,A,unit count unknown
BELLE VISTA MOBILE HOMES,350-99 BELLE VISTA MOBILE HOME,PELHAM,AL,35124,(205) 663-6461,MOBILE HOME PARK,SHELBY,,MEDIUM (51-100),40,15,22,15,92,A,unit count unknown
BEVERLY GARDENS TRAILER PARK,1403 IRON SPRINGS ROAD,PRESCOTT,AZ,86301,(520) 445-0648,MOBILE HOME PARK,YAVAPAI,,SMALL (<50),40,15,26,11,92,A,unit count unknown
BIRCHFIELD TRAILER PARK,480 BUTTERFIELD TRAIL,GILA BEND,AZ,85337,(520) 683-2383,MOBILE HOME PARK,MARICOPA,,SMALL (<50),40,15,26,11,92,A,unit count unknown
BLAND'S MHP,871 RAMBEAUT RD,SPRING LAKE,NC,28390,NOT AVAILABLE,MOBILE HOME PARK,HARNETT,,SMALL (<50),40,15,26,11,92,A,unit count unknown
BLUE BELL MHP,3124 WEST BUCKEYE ROAD,PHOENIX,AZ,85009,(602) 272-5808,MOBILE HOME PARK,MARICOPA,,MEDIUM (51-100),40,15,22,15,92,A,unit count unknown
BLUE GEM ESTATES,6560 PYRAMID LAKE ROAD,SPARKS,NV,89436,(775) 825-8787,MOBILE HOME PARK,WASHOE,,MEDIUM (51-100),40,15,22,15,92,A,unit count unknown
BLUE STAR,11050 EAST APACHE TRAIL,APACHE JUNCTION,AZ,85220,(480) 984-5570,MOBILE HOME PARK,MARICOPA,,MEDIUM (51-100),40,15,22,15,92,A,unit count unknown
BOARDWALK ESTATES,2200 N DELAWARE DR,APACHE JUNCTION,AZ,85220,(480) 983-8181,MOBILE HOME PARK,PINAL,,MEDIUM (51-100),40,15,22,15,92,A,unit count unknown
BONANZA MOBILE LODGE,520 GENTRY WAY,RENO,NV,89502,(775) 825-0337,MOBILE HOME PARK,WASHOE,,MEDIUM (51-100),40,15,22,15,92,A,unit count unknown
BONNEVILLE GARDENS MOBILE HOME,705 SOUTH REDWOOD ROAD,SALT LAKE CITY,UT,84104,(801) 973-8987,MOBILE HOME PARK,SALT LAKE,,MEDIUM (51-100),40,15,22,15,92,A,unit count unknown
BRACKETT'S MHP,108 BRACKETT DR,CAMPOBELLO,SC,29322,NOT AVAILABLE,MOBILE HOME PARK,SPARTANBURG,,SMALL (<50),40,15,26,11,92,A,unit count unknown
BRAEWOOD PARK,NOT AVAILABLE,NOT AVAILABLE,FL,NOT AVAILABLE,NOT AVAILABLE,MOBILE HOME PARK,HERNANDO,,MEDIUM (51-100),40,15,22,15,92,A,unit count unknown
BRAMBLEWOOD MHP,1700 NORTH GATEWAY ROAD,LAS VEGAS,NV,89115,(702) 452-5014,MOBILE HOME PARK,CLARK,,MEDIUM (51-100),40,15,22,15,92,A,unit count unknown
BRANCHWOOD BAY,5826 NC 179,OCEAN ISLE BEACH,NC,28470,NOT AVAILABLE,MOBILE HOME PARK,BRUNSWICK,,MEDIUM (51-100),40,15,22,15,92,A,unit count unknown
BROOKGREEN ESTATES,4606 BROOKLAND DR,CONWAY,SC,29526,NOT AVAILABLE,MOBILE HOME PARK,HORRY,,MEDIUM (51-100),40,15,22,15,92,A,unit count unknown
BROWN'S MHP,4325 HIGHWAY 501 WEST,CONWAY,SC,29526,(803) 365-5246,MOBILE HOME PARK,HORRY,,SMALL (<50),40,15,26,11,92,A,unit count unknown
BUCKEYE ACRES MHP,16524 US HIGHWAY 280 EAST,SMITHS,AL,36877,(334) 298-5037,MOBILE HOME PARK,LEE,,SMALL (<50),40,15,26,11,92,A,unit count unknown
BUDGET REC. VEHICLE PARK,2024 SOUTH CORTEZ ROAD,APACHE JUNCTION,AZ,85219,(480) 982-5856,MOBILE HOME PARK,PINAL,,MEDIUM (51-100),40,15,22,15,92,A,unit count unknown
BULTER'S MHP,2119 RANGER DR,CROSS,SC,29436,NOT AVAILABLE,MOBILE HOME PARK,BERKELEY,,SMALL (<50),40,15,26,11,92,A,unit count unknown
BURGER'S MOBILE HOME PARK,38900 TOWNSEND ROAD,DADE CITY,FL,33525,NOT AVAILABLE,MOBILE HOME PARK,PASCO,,SMALL (<50),40,15,26,11,92,A,unit count unknown
BYRD'S MOBILE PARK,249 WEST MAIN STREET,AVONDALE,AZ,85323,(602) 932-1880,MOBILE HOME PARK,MARICOPA,,SMALL (<50),40,15,26,11,92,A,unit count unknown
CACTUS COVE TRAILER COURT,2612 WEST MELVIN STREET,PHOENIX,AZ,85009,(602) 272-9077,MOBILE HOME PARK,MARICOPA,,SMALL (<50),40,15,26,11,92,A,unit count unknown
CACTUS MOBILE RANCH,202 CACTUS DRIVE,PRESCOTT,AZ,86303,(520) 445-1625,MOBILE HOME PARK,YAVAPAI,,MEDIUM (51-100),40,15,22,15,92,A,unit count unknown
CACTUS RANCH TRAILER COURT,42002 NORTH GRAND AVENUE,MORRISTOWN,AZ,85342,(520) 388-2400,MOBILE HOME PARK,MARICOPA,,SMALL (<50),40,15,26,11,92,A,unit count unknown
CACTUS RIDGE,9504 PARVIN ST,LAS VEGAS,NV,89123,NOT AVAILABLE,MOBILE HOME PARK,CLARK,,MEDIUM (51-100),40,15,22,15,92,A,unit count unknown
CACTUS WREN MOBILE PARK,235 NORTH ELLSWORTH ROAD,MESA,AZ,85207,(480) 986-2947,MOBILE HOME PARK,MARICOPA,,MEDIUM (51-100),40,15,22,15,92,A,unit count unknown
CAMP-A-WYLE CONDO ASSOCIATION,9206 GRIZZLY BEAR LANE,WEEKI WACHEE,FL,34613,(352) 799-3754,MOBILE HOME PARK,HERNANDO,,MEDIUM (51-100),40,15,22,15,92,A,unit count unknown
CAMPUS TRAILER COURT,1865 LEE ROAD 137,AUBURN,AL,36832,(334) 887-7432,MOBILE HOME PARK,LEE,,SMALL (<50),40,15,26,11,92,A,unit count unknown
CANDLEWOOD MHP,3295 NORTH NELLIS BOULEVARD,LAS VEGAS,NV,89115,(702) 320-5900,MOBILE HOME PARK,CLARK,,MEDIUM (51-100),40,15,22,15,92,A,unit count unknown
CAPRI MOBILE PARK,3150 ARVILLE STREET,LAS VEGAS,NV,89102,(702) 876-2696,MOBILE HOME PARK,CLARK,,MEDIUM (51-100),40,15,22,15,92,A,unit count unknown
CARDINAL HILLS,19651 US HIGHWAY 90,ROBERTSDALE,AL,36567,(334) 947-7000,MOBILE HOME PARK,BALDWIN,,MEDIUM (51-100),40,15,22,15,92,A,unit count unknown
CARLEE'S MOBILE HOME COURT,19191 US HIGHWAY 90,ROBERTSDALE,AL,36567,(334) 947-5895,MOBILE HOME PARK,BALDWIN,,SMALL (<50),40,15,26,11,92,A,unit count unknown
CAROLINA ESTATES MOBILE HOME,2745 ANDERSON ROAD,GREENVILLE,SC,29611,(864) 269-4522,MOBILE HOME PARK,GREENVILLE,,MEDIUM (51-100),40,15,22,15,92,A,unit count unknown
CARRINGER TRAILER PARK,37405 CARRINGER ROAD,DADE CITY,FL,33523,(352) 523-4854,MOBILE HOME PARK,PASCO,,SMALL (<50),40,15,26,11,92,A,unit count unknown
CARTER TRAILER PARK,HIGHWAY 99,ATHENS,AL,35611,(205) 232-9676,MOBILE HOME PARK,LIMESTONE,,SMALL (<50),40,15,26,11,92,A,unit count unknown
CASA DEL CAMPO MHP,200 EAST KNOX ROAD,CHANDLER,AZ,85225,(602) 963-9747,MOBILE HOME PARK,MARICOPA,,MEDIUM (51-100),40,15,22,15,92,A,unit count unknown
CASA LINDA MHP,5250 EAST LAKE MEAD BOULEVARD,LAS VEGAS,NV,89115,(702) 452-2933,MOBILE HOME PARK,CLARK,,MEDIUM (51-100),40,15,22,15,92,A,unit count unknown
CEDAR BEND,309 CEDARBEND CT,CLARKSVILLE,TN,37043,(931) 552-4575,MOBILE HOME PARK,MONTGOMERY,,MEDIUM (51-100),40,15,22,15,92,A,unit count unknown
CEDAR CREEK MHP,4020 PULASKI PIKE NORTHWEST,HUNTSVILLE,AL,35810,(205) 852-6565,MOBILE HOME PARK,MADISON,,MEDIUM (51-100),40,15,22,15,92,A,unit count unknown
CEDAR CREST PARK,366 RAILROAD AVENUE,LEXINGTON,SC,29072,(803) 356-9300,MOBILE HOME PARK,LEXINGTON,,MEDIUM (51-100),40,15,22,15,92,A,unit count unknown
CEDAR VALLEY MHP,719 CEDAR VALLEY ROAD,CATAWBA,SC,29704,(803) 329-3778,MOBILE HOME PARK,YORK,,MEDIUM (51-100),40,15,22,15,92,A,unit count unknown
CHANDLER MEADOWS MOBILE PARK,501 EAST RAY ROAD,CHANDLER,AZ,85225,(602) 963-7162,MOBILE HOME PARK,MARICOPA,,MEDIUM (51-100),40,15,22,15,92,A,unit count unknown
CIBOLA MHP,2249 WEST MAIN STREET,MESA,AZ,85201,(480) 827-0085,MOBILE HOME PARK,MARICOPA,,MEDIUM (51-100),40,15,22,15,92,A,unit count unknown
CLAYTON ESTATES,2871 FM-982,PRINCETON,TX,75407,NOT AVAILABLE,MOBILE HOME PARK,COLLIN,,MEDIUM (51-100),40,15,22,15,92,A,unit count unknown
CLOVERLEAF TRAILER COURT,309 EAST PENNSYLVANIA STREET,BOISE,ID,83706,(208) 344-9577,MOBILE HOME PARK,ADA,,SMALL (<50),40,15,26,11,92,A,unit count unknown
COACHWOOD MOBILE COLONY,409 NORTH MAIN STREET,SIMPSONVILLE,SC,29681,(864) 967-4072,MOBILE HOME PARK,GREENVILLE,,MEDIUM (51-100),40,15,22,15,92,A,unit count unknown
COKES RIDGE MOBILE HOME PARK,101 WILBURN AVE,DUNCAN,SC,29334,NOT AVAILABLE,MOBILE HOME PARK,SPARTANBURG,,MEDIUM (51-100),40,15,22,15,92,A,unit count unknown
COLLEY'S MHP,HIGHWAY 87 SOUTH,CAMERON,NC,28326,(919) 499-5388,MOBILE HOME PARK,HARNETT,,SMALL (<50),40,15,26,11,92,A,unit count unknown
CONESTOGA MOBILE PARK,101 LINCOLN HIGHWAY,WADSWORTH,NV,89442,(775) 575-2575,MOBILE HOME PARK,WASHOE,,MEDIUM (51-100),40,15,22,15,92,A,unit count unknown
COPA MHP,9404 EAST APACHE TRAIL,MESA,AZ,85207,(480) 984-0089,MOBILE HOME PARK,MARICOPA,,MEDIUM (51-100),40,15,22,15,92,A,unit count unknown
COTTONWOOD COVE MOBILE PARK,426 WEST COTTONWOOD LANE,CASA GRANDE,AZ,85222,(520) 836-2528,MOBILE HOME PARK,PINAL,,MEDIUM (51-100),40,15,22,15,92,A,unit count unknown
COUNTRY ESTATES,497 COTTONWOOD DR,ROCK HILL,SC,29730,NOT AVAILABLE,MOBILE HOME PARK,YORK,,SMALL (<50),40,15,26,11,92,A,unit count unknown
COUNTRY ESTATES MOBILE HOME,193 JOHN HORTON ROAD,APEX,NC,27502,(919) 362-7116,MOBILE HOME PARK,CHATHAM,,SMALL (<50),40,15,26,11,92,A,unit count unknown
COUNTRY HAVEN MHP,116 HOLLY TREE STREET,LEXINGTON,SC,29073,(803) 356-3330,MOBILE HOME PARK,LEXINGTON,,SMALL (<50),40,15,26,11,92,A,unit count unknown
COUNTRY HAVEN MHP,780 MAYO RD,COWPENS,SC,29330,NOT AVAILABLE,MOBILE HOME PARK,SPARTANBURG,,SMALL (<50),40,15,26,11,92,A,unit count unknown
COUNTRY LIVING ESTATES,14251 SOUTH STATE HIGHWAY 123,SEGUIN,TX,78155,(830) 379-8155,MOBILE HOME PARK,GUADALUPE,,SMALL (<50),40,15,26,11,92,A,unit count unknown
COUNTRY MANOR MHP,418 SOUTH 3RD AVENUE,AVONDALE,AZ,85323,(602) 932-2927,MOBILE HOME PARK,MARICOPA,,SMALL (<50),40,15,26,11,92,A,unit count unknown
COUNTRY PARK,5511 EDMUND HWY,LEXINGTON,SC,29073,NOT AVAILABLE,MOBILE HOME PARK,LEXINGTON,,SMALL (<50),40,15,26,11,92,A,unit count unknown
COUNTRY VILLAGE MOBILE HOME,18175 UNDERWOOD ROAD,FOLEY,AL,36535,(334) 981-3214,MOBILE HOME PARK,BALDWIN,,SMALL (<50),40,15,26,11,92,A,unit count unknown
COUNTRYSIDE MHP,1947 WEST BASELINE ROAD,PHOENIX,AZ,85041,(602) 276-7483,MOBILE HOME PARK,MARICOPA,,MEDIUM (51-100),40,15,22,15,92,A,unit count unknown
COUNTRYSIDE MHP,7301 GRIER RD,CHARLOTTE,NC,28213,NOT AVAILABLE,MOBILE HOME PARK,MECKLENBURG,,MEDIUM (51-100),40,15,22,15,92,A,unit count unknown
COUNTRYSIDE VILLAGES OF ATLANTA,10 SWEETWATER WAY,LAWRENCEVILLE,GA,30044,(866) 238-8726,MOBILE HOME PARK,GWINNETT,,MEDIUM (51-100),40,15,22,15,92,A,unit count unknown
COUNTRYTIME ESTATES MOBILE HOME PARK,22549 FORD RD,PORTER,TX,77365,NOT AVAILABLE,MOBILE HOME PARK,MONTGOMERY,,MEDIUM (51-100),40,15,22,15,92,A,unit count unknown
COVERED OAKS,1200 STONEYBROOK DR,CONWAY,SC,29526,NOT AVAILABLE,MOBILE HOME PARK,HORRY,,MEDIUM (51-100),40,15,22,15,92,A,unit count unknown
COZY LIVING VILLAGE,1275 SOUTH WATER AVENUE,GALLATIN,TN,37066,(615) 452-2046,MOBILE HOME PARK,SUMNER,,SMALL (<50),40,15,26,11,92,A,unit count unknown
CREEKSIDE ESTATES,12121 US HIGHWAY 117 S,ROCKY POINT,NC,28457,NOT AVAILABLE,MOBILE HOME PARK,PENDER,,SMALL (<50),40,15,26,11,92,A,unit count unknown
CREEKSIDE VILLAGE,1501 WEST MAIN STREET,FRANKLIN,TN,37064,(615) 794-7569,MOBILE HOME PARK,WILLIAMSON,,SMALL (<50),40,15,26,11,92,A,unit count unknown
CRESCENT COURT MHP B,625 W CRESCENT STREET,LAKELAND,FL,33805,(863) 602-6312,MOBILE HOME PARK,POLK,,SMALL (<50),40,15,26,11,92,A,unit count unknown
CRESTLINE ESTATES,340 WEST 920 SOUTH,PROVO,UT,84601,(801) 377-1200,MOBILE HOME PARK,UTAH,,MEDIUM (51-100),40,15,22,15,92,A,unit count unknown
CRESTWOOD ESTATES FAMILY COMMUNITY,100 ALTON LYNCH CIRCLE,MADISON,AL,35757,(256) 837-0461,MOBILE HOME PARK,MADISON,,MEDIUM (51-100),40,15,22,15,92,A,unit count unknown
CROSS CREEK MOBILE ESTATES,2732 HODGE ROAD,KNIGHTDALE,NC,27545,(919) 266-3318,MOBILE HOME PARK,WAKE,,MEDIUM (51-100),40,15,22,15,92,A,unit count unknown
CROSSROADS MOBILE HOME VILLAGE,1124 WEST COX FERRY ROAD,CONWAY,SC,29526,(803) 347-1133,MOBILE HOME PARK,HORRY,,SMALL (<50),40,15,26,11,92,A,unit count unknown
CRYSTAL LAKES MOBILE HOMES,SUGARMILL SPRINGS DR,FORT MYERS,FL,33905,NOT AVAILABLE,MOBILE HOME PARK,LEE,,MEDIUM (51-100),40,15,22,15,92,A,unit count unknown
CRYSTAL TRAILER PARK,1155 OLD HIGHWAY 40 WEST,VERDI,NV,89439,(775) 345-0104,MOBILE HOME PARK,WASHOE,,SMALL (<50),40,15,26,11,92,A,unit count unknown
CYPRESS LAKES COTTAGES,900 SAVANNA DR,KISSIMMEE,FL,34746,NOT AVAILABLE,MOBILE HOME PARK,OSCEOLA,,MEDIUM (51-100),40,15,22,15,92,A,unit count unknown
CYPRESS PARK,1150 CYPRESS ROAD,ST AUGUSTINE,FL,32086,(904) 797-6996,MOBILE HOME PARK,ST JOHNS,,MEDIUM (51-100),40,15,22,15,92,A,unit count unknown
CYPRESS SHORES EAST,3275 US HIGHWAY 92 W,WINTER HAVEN,FL,33881,(863) 956-1502,MOBILE HOME PARK,POLK,,MEDIUM (51-100),40,15,22,15,92,A,unit count unknown
CYPRESS SHORES WEST,3255 US HIGHWAY 92 W,WINTER HAVEN,FL,33881,(863) 956-1502,MOBILE HOME PARK,POLK,,MEDIUM (51-100),40,15,22,15,92,A,unit count unknown
DALE VALLEY MHP,7021 STALL ROAD,NORTH CHARLESTON,SC,29406,(843) 824-8861,MOBILE HOME PARK,CHARLESTON,,MEDIUM (51-100),40,15,22,15,92,A,unit count unknown
DEERHAVEN MHP,8829 SALAMANDER ROAD,NORTH CHARLESTON,SC,29406,(843) 553-5715,MOBILE HOME PARK,CHARLESTON,,MEDIUM (51-100),40,15,22,15,92,A,unit count unknown
DEERHURST MOBILE HOME COMMUNITY,500 PRIVETTE ROAD,WENDELL,NC,27591,(919) 365-4314,MOBILE HOME PARK,WAKE,,MEDIUM (51-100),40,15,22,15,92,A,unit count unknown
DEERWOOD ACRES MHP,8907 DEERWOOD DR,CHARLESTON,SC,29406,NOT AVAILABLE,MOBILE HOME PARK,CHARLESTON,,SMALL (<50),40,15,26,11,92,A,unit count unknown
DENALI PARK ESTATES,3405 SOUTH TOMAHAWK ROAD,APACHE JUNCTION,AZ,85219,(480) 982-4019,MOBILE HOME PARK,PINAL,,MEDIUM (51-100),40,15,22,15,92,A,unit count unknown
DESERT DAWN ESTATE,9130 E CHAMBERS ST,MESA,AZ,85208,NOT AVAILABLE,MOBILE HOME PARK,MARICOPA,,MEDIUM (51-100),40,15,22,15,92,A,unit count unknown
DESERT INN MHP,4505 EAST DESERT INN ROAD,LAS VEGAS,NV,89121,(702) 454-0660,MOBILE HOME PARK,CLARK,,MEDIUM (51-100),40,15,22,15,92,A,unit count unknown
DESERT MHP,1A BON REA CIRCLE,LAS VEGAS,NV,89110,(702) 452-2499,MOBILE HOME PARK,CLARK,,MEDIUM (51-100),40,15,22,15,92,A,unit count unknown
DESERT SKY RANCH,1887 N THORNTON RD,CASA GRANDE,AZ,85122,NOT AVAILABLE,MOBILE HOME PARK,PINAL,,MEDIUM (51-100),40,15,22,15,92,A,unit count unknown
DOGWOOD HILLS MHP,8000 DOGWOOD DRIVE,HIRAM,GA,30141,(770) 445-6171,MOBILE HOME PARK,PAULDING,,MEDIUM (51-100),40,15,22,15,92,A,unit count unknown
DOGWOOD PARK MOBILE HOME VILLAGE,25128 OLD FOLEY ROAD,ELBERTA,AL,36530,(334) 986-8658,MOBILE HOME PARK,BALDWIN,,SMALL (<50),40,15,26,11,92,A,unit count unknown
DOGWOOD VILLAGE MOBILE HOME,815 SOUTH JUNIPER STREET,FOLEY,AL,36535,(334) 943-4854,MOBILE HOME PARK,BALDWIN,,SMALL (<50),40,15,26,11,92,A,unit count unknown
DREAMLAND MOBILE CITY,7331 POOLE RD,RALEIGH,NC,27610,NOT AVAILABLE,MOBILE HOME PARK,WAKE,,MEDIUM (51-100),40,15,22,15,92,A,unit count unknown
DRIFTWOOD MHP,116 CURTIS CROSS ROAD,HENDERSONVILLE,TN,37138,(615) 594-4884,MOBILE HOME PARK,SUMNER,,MEDIUM (51-100),40,15,22,15,92,A,unit count unknown
DUCK COVE TRAILER PARK,3209 COUNTY ROAD 3706,WILLS POINT,TX,75169,(903) 560-1111,MOBILE HOME PARK,HUNT,,SMALL (<50),40,15,26,11,92,A,unit count unknown
DUNLAP'S PLACE,32522 WHALEYS LOOP,ZEPHYRHILLS,FL,33544,(813) 760-7220,MOBILE HOME PARK,PASCO,,SMALL (<50),40,15,26,11,92,A,unit count unknown
EAGLE MEADOWS MOBILE HOME,128 WILDFLOWER LANE,EAGLE,ID,83616,(208) 939-9190,MOBILE HOME PARK,ADA,,MEDIUM (51-100),40,15,22,15,92,A,unit count unknown
EAGLE'S LANDING MOBILE HOME,16524 US HIGHWAY 280 EAST,SMITHS,AL,36877,(334) 298-5037,MOBILE HOME PARK,LEE,,SMALL (<50),40,15,26,11,92,A,unit count unknown
EAST CAMP MHP,830 RED RIVER RD,GALLATIN,TN,37066,NOT AVAILABLE,MOBILE HOME PARK,SUMNER,,MEDIUM (51-100),40,15,22,15,92,A,unit count unknown
EAST LAKE ESTATES,13721 WOODLAND DR,ASTATULA,FL,34705,NOT AVAILABLE,MOBILE HOME PARK,LAKE,,MEDIUM (51-100),40,15,22,15,92,A,unit count unknown
EAST OAK PARK,NOT AVAILABLE,NOT AVAILABLE,GA,NOT AVAILABLE,NOT AVAILABLE,MOBILE HOME PARK,WALTON,,SMALL (<50),40,15,26,11,92,A,unit count unknown
EAST VEGAS,2553 BELMONT ST,NORTH LAS VEGAS,NV,89030,NOT AVAILABLE,MOBILE HOME PARK,CLARK,,MEDIUM (51-100),40,15,22,15,92,A,unit count unknown
EASTGATE,11222 E SUNLAND AVE,MESA,AZ,85208,NOT AVAILABLE,MOBILE HOME PARK,MARICOPA,,MEDIUM (51-100),40,15,22,15,92,A,unit count unknown
EASTGATE MHP,6310 BELLS FERRY ROAD,ACWORTH,GA,30102,(770) 926-2085,MOBILE HOME PARK,CHEROKEE,,MEDIUM (51-100),40,15,22,15,92,A,unit count unknown
EDGEWATER MOBILE HOME PARK,109 SNYDER ST,EDGEWATER,FL,32132,NOT AVAILABLE,MOBILE HOME PARK,VOLUSIA,,MEDIUM (51-100),40,15,22,15,92,A,unit count unknown
EL CAMINO MHP,2524 EAST CONTENTION MINE ROAD,PHOENIX,AZ,85032,(602) 992-2087,MOBILE HOME PARK,MARICOPA,,MEDIUM (51-100),40,15,22,15,92,A,unit count unknown
EL DORADO MOBILE HOME RESORTS,202 NORTH MERIDIAN ROAD,APACHE JUNCTION,AZ,85220,(480) 986-2155,MOBILE HOME PARK,MARICOPA,,MEDIUM (51-100),40,15,22,15,92,A,unit count unknown
EL RIO DE ORO MHP,325 WEST US HIGHWAY 89A,COTTONWOOD,AZ,86326,(520) 634-8083,MOBILE HOME PARK,YAVAPAI,,MEDIUM (51-100),40,15,22,15,92,A,unit count unknown
ELLS COUNTRY ESTATES,901 BRACKEN RD,PIEDMONT,SC,29673,NOT AVAILABLE,MOBILE HOME PARK,GREENVILLE,,SMALL (<50),40,15,26,11,92,A,unit count unknown
ENCHANTED OAKS SUB-DIVISION,100 ENCHANTED OAKS COURT,WEATHERFORD,TX,76087,(817) 598-0103,MOBILE HOME PARK,PARKER,,MEDIUM (51-100),40,15,22,15,92,A,unit count unknown
ENCHANTED WATERS,13191 HILLTOP CT,WILLIS,TX,77318,NOT AVAILABLE,MOBILE HOME PARK,MONTGOMERY,,MEDIUM (51-100),40,15,22,15,92,A,unit count unknown
ENNIS MHP,2700 NORTH INTERSTATE HIGHWAY 45,ENNIS,TX,75119,(972) 875-9288,MOBILE HOME PARK,ELLIS,,MEDIUM (51-100),40,15,22,15,92,A,unit count unknown
ESTRELLA VILLA MHP,809 NORTH DYSART ROAD,AVONDALE,AZ,85323,(602) 932-1605,MOBILE HOME PARK,MARICOPA,,MEDIUM (51-100),40,15,22,15,92,A,unit count unknown
EVERGREEN MHP,200 BRYSON DRIVE,SIMPSONVILLE,SC,29681,(864) 967-8603,MOBILE HOME PARK,GREENVILLE,,MEDIUM (51-100),40,15,22,15,92,A,unit count unknown
EVERGREEN VILLA MOBILE HOME,1505 NORTH EVERGREEN STREET,CHANDLER,AZ,85224,(602) 963-2233,MOBILE HOME PARK,MARICOPA,,MEDIUM (51-100),40,15,22,15,92,A,unit count unknown
FAIR HAVEN MHP,500 FURLONG DRIVE,GREENVILLE,TX,75402,(903) 455-4564,MOBILE HOME PARK,HUNT,,MEDIUM (51-100),40,15,22,15,92,A,unit count unknown
FAIRLANE MOBILE VILLAGE,441 SOUTH STATE STREET,OREM,UT,84058,(801) 225-7175,MOBILE HOME PARK,UTAH,,SMALL (<50),40,15,26,11,92,A,unit count unknown
FAIRWAY MHP,500 SAM DAVIS ROAD,SMYRNA,TN,37167,(615) 459-6102,MOBILE HOME PARK,RUTHERFORD,,MEDIUM (51-100),40,15,22,15,92,A,unit count unknown
FARM ROAD TRAILER PARK,1308 FARM RD,RALEIGH,NC,27603,NOT AVAILABLE,MOBILE HOME PARK,WAKE,,SMALL (<50),40,15,26,11,92,A,unit count unknown
FARRAGUT MHP,912 NORTH CAMPBELL STATION ROAD,KNOXVILLE,TN,37932,(423) 966-8906,MOBILE HOME PARK,KNOX,,MEDIUM (51-100),40,15,22,15,92,A,unit count unknown
FLAMINGO MHP,1320 WEST FLAMINGO AVENUE,NAMPA,ID,83651,(208) 467-3907,MOBILE HOME PARK,CANYON,,MEDIUM (51-100),40,15,22,15,92,A,unit count unknown
FLOATING FEATHER MOBILE HOME,10601 HORSESHOE BEND ROAD,BOISE,ID,83703,(208) 939-0308,MOBILE HOME PARK,ADA,,MEDIUM (51-100),40,15,22,15,92,A,unit count unknown
FLORENCE COMMONS,8901 FLORENCE RD,SMYRNA,TN,37167,NOT AVAILABLE,MOBILE HOME PARK,RUTHERFORD,,MEDIUM (51-100),40,15,22,15,92,A,unit count unknown
FLYNN'S MOBILE HOME PARK,921 ROYLE RD,LADSON,SC,29456,NOT AVAILABLE,MOBILE HOME PARK,BERKELEY,,SMALL (<50),40,15,26,11,92,A,unit count unknown
FOLLY ESTATES,978 FOLLY ROAD,MYRTLE BEACH,SC,29577,(843) 293-3888,MOBILE HOME PARK,HORRY,,MEDIUM (51-100),40,15,22,15,92,A,unit count unknown
FRANKIE LANE TRAILER PARK,273 FRANKIE LN,LADSON,SC,29456,NOT AVAILABLE,MOBILE HOME PARK,BERKELEY,,SMALL (<50),40,15,26,11,92,A,unit count unknown
FRONTIER VILLAGE MHP,355 LARSON LANE,LAS VEGAS,NV,89124,(702) 361-9774,MOBILE HOME PARK,CLARK,,SMALL (<50),40,15,26,11,92,A,unit count unknown
GARDEN SPOT MHP,32 SOUTH BARKLEY,MESA,AZ,85204,(480) 969-1985,MOBILE HOME PARK,MARICOPA,,MEDIUM (51-100),40,15,22,15,92,A,unit count unknown
GASTON MOBILE HOME COMMUNITY,928 MACK STREET,GASTON,SC,29053,(803) 252-0009,MOBILE HOME PARK,LEXINGTON,,MEDIUM (51-100),40,15,22,15,92,A,unit count unknown
GATEWAY ESTATES II,900 HAYS COUNTRY ACRES ROAD,DRIPPING SPRINGS,TX,78620,(512) 914-8080,MOBILE HOME PARK,HAYS,,MEDIUM (51-100),40,15,22,15,92,A,unit count unknown
GILBERT'S MHP,400 EAST LOUISIANA STREET,MCKINNEY,TX,75069,(972) 548-2363,MOBILE HOME PARK,COLLIN,,SMALL (<50),40,15,26,11,92,A,unit count unknown
GLEN LAUREL,3320 GLEN LAUREL,CONCORD,NC,28025,(866) 786-3011,MOBILE HOME PARK,CABARRUS,,MEDIUM (51-100),40,15,22,15,92,A,unit count unknown
GLEN WHITAKER TRAILER COURT,2819 NEWBY ROAD SOUTHWEST,HUNTSVILLE,AL,35805,(205) 536-9275,MOBILE HOME PARK,MADISON,,SMALL (<50),40,15,26,11,92,A,unit count unknown
GOOSE CREEK TRAILER PARK,103 SAINT JAMES AVENUE,GOOSE CREEK,SC,29445,(803) 553-3582,MOBILE HOME PARK,BERKELEY,,SMALL (<50),40,15,26,11,92,A,unit count unknown
GRAND OAKS MHP,7804 STANLEY ROAD,POWELL,TN,37849,(423) 938-4055,MOBILE HOME PARK,KNOX,,MEDIUM (51-100),40,15,22,15,92,A,unit count unknown
GREEN ACRES MHP,3103 EMANUEL CHURCH RD,LEXINGTON,SC,29073,NOT AVAILABLE,MOBILE HOME PARK,LEXINGTON,,SMALL (<50),40,15,26,11,92,A,unit count unknown
GREEN COVE MHP,325 GREEN COVE ROAD SOUTHEAST,HUNTSVILLE,AL,35803,(205) 881-3631,MOBILE HOME PARK,MADISON,,MEDIUM (51-100),40,15,22,15,92,A,unit count unknown
GREEN POINTE MHP,143 GREEN POINT DRIVE,SUMMERVILLE,SC,29483,(803) 871-3549,MOBILE HOME PARK,BERKELEY,,MEDIUM (51-100),40,15,22,15,92,A,unit count unknown
GREEN SPOT MHP,2537 LAS VEGAS BOULEVARD NORTH,NORTH LAS VEGAS,NV,89030,(702) 649-7349,MOBILE HOME PARK,CLARK,,MEDIUM (51-100),40,15,22,15,92,A,unit count unknown
GREEN SPRING VALLEY MOBILE ESTATE,1100 GREENVALE ROAD,RALEIGH,NC,27603,(919) 772-6405,MOBILE HOME PARK,WAKE,,MEDIUM (51-100),40,15,22,15,92,A,unit count unknown
GREENHAVEN MHP,1038 NORTH 48TH STREET,PHOENIX,AZ,85008,(602) 275-1644,MOBILE HOME PARK,MARICOPA,,MEDIUM (51-100),40,15,22,15,92,A,unit count unknown
GREENHILL ESTATES MOBILE HOME,800 NORTH WALNUT STREET,ROANOKE,TX,76262,(817) 430-2211,MOBILE HOME PARK,DENTON,,MEDIUM (51-100),40,15,22,15,92,A,unit count unknown
GREENWOOD PARK MHP,3016 RIFLE RANGE DR NE,KNOXVILLE,TN,37918,NOT AVAILABLE,MOBILE HOME PARK,KNOX,,MEDIUM (51-100),40,15,22,15,92,A,unit count unknown
HALE'S TRAILER COURT,1202 WEST LOKEY AVENUE,MURFREESBORO,TN,37129,(615) 896-0341,MOBILE HOME PARK,RUTHERFORD,,SMALL (<50),40,15,26,11,92,A,unit count unknown
HAPPY HOLLOW,511 EAST OAKDALE STREET,KEENE,TX,76059,(817) 558-9546,MOBILE HOME PARK,JOHNSON,,MEDIUM (51-100),40,15,22,15,92,A,unit count unknown
HARDWICK'S MHP,4800 PAULEY SWAMP ROAD,CONWAY,SC,29527,(803) 397-3165,MOBILE HOME PARK,HORRY,,SMALL (<50),40,15,26,11,92,A,unit count unknown
HARRISON TRAILER PARK,13509 DAYTON PIKE,SALE CREEK,TN,37373,(423) 332-1305,MOBILE HOME PARK,HAMILTON,,SMALL (<50),40,15,26,11,92,A,unit count unknown
HELEN'S MHP,10340 SOUTH JUNIPER STREET,FOLEY,AL,36535,(334) 943-1227,MOBILE HOME PARK,BALDWIN,,SMALL (<50),40,15,26,11,92,A,unit count unknown
HERITAGE CIRCLE MHP,2511 E MCKELLIPS RD,MESA,AZ,85213,(480) 655-1198,MOBILE HOME PARK,MARICOPA,,MEDIUM (51-100),40,15,22,15,92,A,unit count unknown
HERSHEY MOBILE HOME PARK,857 ORANGEBURG RD,SUMMERVILLE,SC,29483,NOT AVAILABLE,MOBILE HOME PARK,DORCHESTER,,MEDIUM (51-100),40,15,22,15,92,A,unit count unknown
HICKORY HAVEN MHP,819 CRAWFORD ROAD,OPELIKA,AL,36804,(334) 749-1531,MOBILE HOME PARK,LEE,,MEDIUM (51-100),40,15,22,15,92,A,unit count unknown
HIDDEN ACRES MOBILE HOME PARK,1240 PINE ST,WEST COLUMBIA,SC,29172,NOT AVAILABLE,MOBILE HOME PARK,LEXINGTON,,SMALL (<50),40,15,26,11,92,A,unit count unknown
HIDDEN ACRES PARK,5083 WATERGATE DRIVE,MYRTLE BEACH,SC,29588,(843) 293-4696,MOBILE HOME PARK,HORRY,,SMALL (<50),40,15,26,11,92,A,unit count unknown
HIDDEN COVE MOBILE ESTATES,1104 BLACKBEARD LANE,RALEIGH,NC,27604,(919) 266-3806,MOBILE HOME PARK,WAKE,,MEDIUM (51-100),40,15,22,15,92,A,unit count unknown
HIDDEN HILLS ESTATES,9607 BARBEE ROAD,SODDY-DAISY,TN,37379,(423) 843-1476,MOBILE HOME PARK,HAMILTON,,MEDIUM (51-100),40,15,22,15,92,A,unit count unknown
HIDEAWAY MOBILE HOME PARK,120 HIDEAWAY VILLAGE,WOODSTOCK,GA,30188,NOT AVAILABLE,MOBILE HOME PARK,CHEROKEE,,MEDIUM (51-100),40,15,22,15,92,A,unit count unknown
HIGHLAND TERRACE MOBILE HOME,11811 NORTH 19TH AVENUE,PHOENIX,AZ,85029,(602) 943-8839,MOBILE HOME PARK,MARICOPA,,MEDIUM (51-100),40,15,22,15,92,A,unit count unknown
HILLSIDE VILLAGE,115 CERRO VISTA DR,SAN MARCOS,TX,78666,NOT AVAILABLE,MOBILE HOME PARK,HAYS,,SMALL (<50),40,15,26,11,92,A,unit count unknown
HILLTOP MHP,220 OLD GROVE ROAD,GREENVILLE,SC,29605,(864) 235-3282,MOBILE HOME PARK,GREENVILLE,,MEDIUM (51-100),40,15,22,15,92,A,unit count unknown
HINTON TRAILER PARK,666 WEST STATE STREET #71-5,HURRICANE,UT,84737,(435) 635-2501,MOBILE HOME PARK,WASHINGTON,,SMALL (<50),40,15,26,11,92,A,unit count unknown
HOLLY RIDGE ESTATES,1406 MARILYN STREET TRAILER 43,CONROE,TX,77301,(409) 756-4333,MOBILE HOME PARK,MONTGOMERY,,MEDIUM (51-100),40,15,22,15,92,A,unit count unknown
HOMECREST MOBILOTS,815 SOUTH CURTIS ROAD,BOISE,ID,83705,(208) 342-7845,MOBILE HOME PARK,ADA,,MEDIUM (51-100),40,15,22,15,92,A,unit count unknown
HOMESTEAD ACRES,131 N POINSETT HWY,TRAVELERS REST,SC,29690,NOT AVAILABLE,MOBILE HOME PARK,GREENVILLE,,SMALL (<50),40,15,26,11,92,A,unit count unknown
HORSESHOE,2634 SIMPKINS RD,RALEIGH,NC,27603,(919) 772-1643,MOBILE HOME PARK,WAKE,,MEDIUM (51-100),40,15,22,15,92,A,unit count unknown
HUNT'S MHP,4013 BROWN PLACE,RALEIGH,NC,27604,(919) 876-5682,MOBILE HOME PARK,WAKE,,SMALL (<50),40,15,26,11,92,A,unit count unknown
HUNTER ROAD MOBILE VILLAGE,2805 HUNTER ROAD,SAN MARCOS,TX,78666,(512) 396-2252,MOBILE HOME PARK,HAYS,,SMALL (<50),40,15,26,11,92,A,unit count unknown
HUNTER'S MHP,6001 WILKINSON BOULEVARD,CHARLOTTE,NC,28208,(704) 399-6131,MOBILE HOME PARK,MECKLENBURG,,SMALL (<50),40,15,26,11,92,A,unit count unknown
HUNTLYNN ACRES,8000 WILKINSON BOULEVARD,CHARLOTTE,NC,28214,(704) 399-5327,MOBILE HOME PARK,MECKLENBURG,,SMALL (<50),40,15,26,11,92,A,unit count unknown
HUNTS MHP,6004 WOODCHURCH CT,RALEIGH,NC,27604,NOT AVAILABLE,MOBILE HOME PARK,WAKE,,MEDIUM (51-100),40,15,22,15,92,A,unit count unknown
HUNTSVILLE MOBILE HOME ESTATES,2417 MOBILE DRIVE SOUTHWEST,HUNTSVILLE,AL,35805,(205) 837-1893,MOBILE HOME PARK,MADISON,,MEDIUM (51-100),40,15,22,15,92,A,unit count unknown
IDEAL MHP,2855 SOUTH STATE STREET,SALT LAKE CITY,UT,84115,(801) 487-1922,MOBILE HOME PARK,SALT LAKE,,MEDIUM (51-100),40,15,22,15,92,A,unit count unknown
IMPALA MHP,7634 CLINTON HIGHWAY,POWELL,TN,37849,(423) 938-8742,MOBILE HOME PARK,KNOX,,MEDIUM (51-100),40,15,22,15,92,A,unit count unknown
INDIAN ACRES MOBILE HOME LOTS,307 CHEROKEE ROAD #A,SANGER,TX,76266,(940) 458-4553,MOBILE HOME PARK,DENTON,,SMALL (<50),40,15,26,11,92,A,unit count unknown
INLAND VILLAGE MHP,1094 HIGHWAY 501 EAST,CONWAY,SC,29526,(803) 347-7733,MOBILE HOME PARK,HORRY,,SMALL (<50),40,15,26,11,92,A,unit count unknown
IRON SPRINGS MANOR,960 PEACE LANE,PRESCOTT,AZ,86301,(520) 445-3479,MOBILE HOME PARK,YAVAPAI,,MEDIUM (51-100),40,15,22,15,92,A,unit count unknown
IRONWOOD MHP,1280 NORTH IRONWOOD DRIVE,APACHE JUNCTION,AZ,85220,(480) 982-3413,MOBILE HOME PARK,PINAL,,MEDIUM (51-100),40,15,22,15,92,A,unit count unknown
J & M TRAILER PARK,102 SOUTH 92ND AVENUE,TOLLESON,AZ,85353,(602) 936-9841,MOBILE HOME PARK,MARICOPA,,SMALL (<50),40,15,26,11,92,A,unit count unknown
JACK'S TRAILER COURT,1081 WEST LAUREL AVENUE,FOLEY,AL,36535,(334) 943-6631,MOBILE HOME PARK,BALDWIN,,SMALL (<50),40,15,26,11,92,A,unit count unknown
JACKSONS MHP,5370 HIGHWAY 20,LOGANVILLE,GA,30052,(770) 466-8809,MOBILE HOME PARK,WALTON,,MEDIUM (51-100),40,15,22,15,92,A,unit count unknown
JENNY LANE MHP,1019 N 10TH ST,RICHMOND,TX,77469,NOT AVAILABLE,MOBILE HOME PARK,FORT BEND,,MEDIUM (51-100),40,15,22,15,92,A,unit count unknown
JERICHO MOBILE HOME PARK,7146 SAVANNAH HWY,RAVENEL,SC,29470,NOT AVAILABLE,MOBILE HOME PARK,CHARLESTON,,MEDIUM (51-100),40,15,22,15,92,A,unit count unknown
JIM'S MHP,1420 WEST COLLEGE STREET,MURFREESBORO,TN,37129,(615) 898-1932,MOBILE HOME PARK,RUTHERFORD,,SMALL (<50),40,15,26,11,92,A,unit count unknown
JOHN'S MHP,525 NC 98 HWY E,BUNN,NC,27508,NOT AVAILABLE,MOBILE HOME PARK,FRANKLIN,,SMALL (<50),40,15,26,11,92,A,unit count unknown
JONES MOBILE HOME ESTATES,5200 GOSHEN SPRINGS ROAD,NORCROSS,GA,30093,(770) 923-0911,MOBILE HOME PARK,GWINNETT,,MEDIUM (51-100),40,15,22,15,92,A,unit count unknown
JOSHUA RANCHETTES,811 RANCHETTE DRIVE,JOSHUA,TX,76058,(817) 558-2351,MOBILE HOME PARK,JOHNSON,,MEDIUM (51-100),40,15,22,15,92,A,unit count unknown
JUANITA MHP,156 NORTH HAWES ROAD,MESA,AZ,85207,(480) 986-8273,MOBILE HOME PARK,MARICOPA,,MEDIUM (51-100),40,15,22,15,92,A,unit count unknown
JUSTICE MOBILE HOMES,1408 E RALEIGH ST,SILER CITY,NC,27344,NOT AVAILABLE,MOBILE HOME PARK,CHATHAM,,MEDIUM (51-100),40,15,22,15,92,A,unit count unknown
K FRANCIS MHP,490 NORTH 1200 WEST,OREM,UT,84057,(801) 225-7175,MOBILE HOME PARK,UTAH,,MEDIUM (51-100),40,15,22,15,92,A,unit count unknown
KARMELLA MHP,730 SOUTH COUNTRY CLUB DRIVE,MESA,AZ,85210,(480) 964-9350,MOBILE HOME PARK,MARICOPA,,MEDIUM (51-100),40,15,22,15,92,A,unit count unknown
KEY ALLEGRO VILLAS,13405 KEY ALLEGRO BOULEVARD,FAIRHOPE,AL,36532,(334) 990-0009,MOBILE HOME PARK,BALDWIN,,MEDIUM (51-100),40,15,22,15,92,A,unit count unknown
KEY'S MHP,7535 OLD STATESVILLE ROAD,CHARLOTTE,NC,28269,(704) 596-1822,MOBILE HOME PARK,MECKLENBURG,,SMALL (<50),40,15,26,11,92,A,unit count unknown
KEYSTONE TRAILER PARK,1457 WEST 4TH STREET,RENO,NV,89503,(775) 323-5432,MOBILE HOME PARK,WASHOE,,SMALL (<50),40,15,26,11,92,A,unit count unknown
KINARD'S TRAILER COURT,5543 DOBSON ST,CHARLESTON,SC,29406,NOT AVAILABLE,MOBILE HOME PARK,CHARLESTON,,SMALL (<50),40,15,26,11,92,A,unit count unknown
KING MHP,19261 AIRFIELD ST,ATHENS,AL,35614,(256) 559-0980,MOBILE HOME PARK,LIMESTONE,,MEDIUM (51-100),40,15,22,15,92,A,unit count unknown
KING TRAILER COURT,180 LAWN AVENUE,ST AUGUSTINE,FL,32084,(904) 824-1507,MOBILE HOME PARK,ST JOHNS,,SMALL (<50),40,15,26,11,92,A,unit count unknown
KINGSBOROUGH ESTATES,284 KINGS PKWY,RALEIGH,NC,27610,(919) 231-6057,MOBILE HOME PARK,WAKE,,MEDIUM (51-100),40,15,22,15,92,A,unit count unknown
KINGSWOOD,327 HEATHWAY DR,CHARLOTTE,NC,28213,NOT AVAILABLE,MOBILE HOME PARK,MECKLENBURG,,MEDIUM (51-100),40,15,22,15,92,A,unit count unknown
KINGSWOOD ESTATES,490 BESSIE RD,PIEDMONT,SC,29673,NOT AVAILABLE,MOBILE HOME PARK,GREENVILLE,,MEDIUM (51-100),40,15,22,15,92,A,unit count unknown
KNIGHTDALE ESTATES,HODGE ROAD,KNIGHTDALE,NC,27545,(919) 217-1700,MOBILE HOME PARK,WAKE,,MEDIUM (51-100),40,15,22,15,92,A,unit count unknown
LA BONNE VIE TRAILER PARK,19027 COUNTY ROAD 33,FAIRHOPE,AL,36532,(334) 928-0787,MOBILE HOME PARK,BALDWIN,,SMALL (<50),40,15,26,11,92,A,unit count unknown
LA CASA TRAIL MOBILE VILLA,53 NORTH MOUNTAIN ROAD,APACHE JUNCTION,AZ,85220,(480) 984-6723,MOBILE HOME PARK,MARICOPA,,MEDIUM (51-100),40,15,22,15,92,A,unit count unknown
LA JOLLA FAMILY MHP,4400 EAST OWENS AVENUE,LAS VEGAS,NV,89110,(702) 453-4402,MOBILE HOME PARK,CLARK,,MEDIUM (51-100),40,15,22,15,92,A,unit count unknown
LA POSADA TRAILER PARK,1451 NORTH PINAL AVENUE,CASA GRANDE,AZ,85222,(520) 836-5682,MOBILE HOME PARK,PINAL,,SMALL (<50),40,15,26,11,92,A,unit count unknown
LA VILLA VEGAS MHP,1190 SOUTH MOJAVE ROAD,LAS VEGAS,NV,89104,(702) 641-7706,MOBILE HOME PARK,CLARK,,MEDIUM (51-100),40,15,22,15,92,A,unit count unknown
LAFAYETTE TRAILER COURT,428 LAFAYETTE ROAD,CLARKSVILLE,TN,37042,(931) 552-9363,MOBILE HOME PARK,MONTGOMERY,,SMALL (<50),40,15,26,11,92,A,unit count unknown
LAKE RUNNYMEDE MHP,"1316 W ROSEWOOD AVENUE, LOT 47",ST CLOUD,FL,34771,(407) 892-5345,MOBILE HOME PARK,OSCEOLA,,MEDIUM (51-100),40,15,22,15,92,A,unit count unknown
LAKE WHEELER MOBILE ESTATES,6808 LAKE WHEELER RD,RALEIGH,NC,27603,NOT AVAILABLE,MOBILE HOME PARK,WAKE,,MEDIUM (51-100),40,15,22,15,92,A,unit count unknown
LAKESIDE MANOR MHP,425 SOUTH SHADY SHORES ROAD,DENTON,TX,76208,(940) 497-3663,MOBILE HOME PARK,DENTON,,SMALL (<50),40,15,26,11,92,A,unit count unknown
LAKEVIEW MHP,1011 UHLAND ROAD,SAN MARCOS,TX,78666,(512) 396-3893,MOBILE HOME PARK,HAYS,,MEDIUM (51-100),40,15,22,15,92,A,unit count unknown
LAMPLIGHTER MOBILE VILLAGE,2810 WEST 4TH AVENUE,APACHE JUNCTION,AZ,85220,(480) 982-4302,MOBILE HOME PARK,PINAL,,SMALL (<50),40,15,26,11,92,A,unit count unknown
LANE'S MHP,1414 SOUTH TENNESSEE STREET,MCKINNEY,TX,75069,(972) 542-7802,MOBILE HOME PARK,COLLIN,,SMALL (<50),40,15,26,11,92,A,unit count unknown
LAS CASITAS TRAILER PARK,3418 N LAS VEGAS BLVD,LAS VEGAS,NV,89115,NOT AVAILABLE,MOBILE HOME PARK,CLARK,,SMALL (<50),40,15,26,11,92,A,unit count unknown
LAZY G TRAILER PARK,220 WEST LEROUX STREET,PRESCOTT,AZ,86303,(520) 778-2980,MOBILE HOME PARK,YAVAPAI,,SMALL (<50),40,15,26,11,92,A,unit count unknown
LAZY J TRAILER LODGE,6420 WEST MYRTLE AVENUE,GLENDALE,AZ,85301,(623) 937-9642,MOBILE HOME PARK,MARICOPA,,SMALL (<50),40,15,26,11,92,A,unit count unknown
LAZY T MHP,3137 WEST BUCKEYE ROAD,PHOENIX,AZ,85009,(602) 278-0923,MOBILE HOME PARK,MARICOPA,,MEDIUM (51-100),40,15,22,15,92,A,unit count unknown
LAZY T MOBILE HOME RANCH,349 SOUTH ROAD 1 WEST,CHINO VALLEY,AZ,86323,(520) 636-2475,MOBILE HOME PARK,YAVAPAI,,MEDIUM (51-100),40,15,22,15,92,A,unit count unknown
LE-G TRAILER PARK,11972 GLONER LANE,CAPE CORAL,FL,33991,(239) 283-1213,MOBILE HOME PARK,LEE,,SMALL (<50),40,15,26,11,92,A,unit count unknown
LEGEND OAKS MHP,112 LEGEND OAKS DR,DALE,TX,78616,NOT AVAILABLE,MOBILE HOME PARK,BASTROP,,MEDIUM (51-100),40,15,22,15,92,A,unit count unknown
LEHI TRAILER PARK,1150 NORTH 200 WEST,LEHI,UT,84043,(801) 785-6065,MOBILE HOME PARK,UTAH,,SMALL (<50),40,15,26,11,92,A,unit count unknown
LIL'S MHP,112 SHELLY ST,BONNEAU,SC,29431,NOT AVAILABLE,MOBILE HOME PARK,BERKELEY,,SMALL (<50),40,15,26,11,92,A,unit count unknown
LITTLE RIVER MOBILE HOME VILLAGE,4829 ZEBULON RD,ZEBULON,NC,27597,NOT AVAILABLE,MOBILE HOME PARK,WAKE,,SMALL (<50),40,15,26,11,92,A,unit count unknown
LIVE OAK MHP,15186 COUNTY ROAD 28,SUMMERDALE,AL,36580,(334) 988-8203,MOBILE HOME PARK,BALDWIN,,SMALL (<50),40,15,26,11,92,A,unit count unknown
LIVE OAK MOBILE VILLAGE,5786 RIDGEWOOD AVENUE S,PORT ORANGE,FL,32127,NOT AVAILABLE,MOBILE HOME PARK,VOLUSIA,,SMALL (<50),40,15,26,11,92,A,unit count unknown
LOGAN'S CROSSING MFG. HOME COMMUNITY,150 MCPHERSON PKWY,DALLAS,GA,30157,(770) 443-6170,MOBILE HOME PARK,PAULDING,,SMALL (<50),40,15,26,11,92,A,unit count unknown
LONE MOUNTAIN MOBILE RANCH,7626 WEST LONE MOUNTAIN ROAD,LAS VEGAS,NV,89129,(702) 645-1898,MOBILE HOME PARK,CLARK,,MEDIUM (51-100),40,15,22,15,92,A,unit count unknown
MAPLE LANE MOBILE HOME COURT,4005 HIGHWAY 701 SOUTH,CONWAY,SC,29527,(803) 397-6304,MOBILE HOME PARK,HORRY,,SMALL (<50),40,15,26,11,92,A,unit count unknown
MAPLE WOODS MHP,7249 STALL RD,CHARLESTON,SC,29406,NOT AVAILABLE,MOBILE HOME PARK,CHARLESTON,,SMALL (<50),40,15,26,11,92,A,unit count unknown
MARIE'S MOBILE HOME PARK,8900 US 441 HIGHWAY,OCALA,FL,34480,(352) 245-7868,MOBILE HOME PARK,MARION,,SMALL (<50),40,15,26,11,92,A,unit count unknown
MAUREEN'S MHP,711 O'BRIEN ROAD,CLOVER,SC,29710,(803) 222-9011,MOBILE HOME PARK,YORK,,SMALL (<50),40,15,26,11,92,A,unit count unknown
MC GEE TRAILER PARK,1689 NORTH MAIN STREET,COLUMBIA,TN,38401,(931) 379-0266,MOBILE HOME PARK,MAURY,,SMALL (<50),40,15,26,11,92,A,unit count unknown
MCCARTY MOBILE HOME PARK,423 MCCARTY RD,STATHAM,GA,30666,NOT AVAILABLE,MOBILE HOME PARK,BARROW,,MEDIUM (51-100),40,15,22,15,92,A,unit count unknown
MEADOWBROOK,9859 SPRING RIDGE LN,CHARLOTTE,NC,28215,(866) 786-6281,MOBILE HOME PARK,MECKLENBURG,,MEDIUM (51-100),40,15,22,15,92,A,unit count unknown
MEADOWS TRAILER PARK,2310 E MAIN STREET,LAKELAND,FL,33801,(863) 581-2763,MOBILE HOME PARK,POLK,,SMALL (<50),40,15,26,11,92,A,unit count unknown
MELLODEE THORNTON PARK,2340 W VICTORY RD,BOISE,ID,83705,NOT AVAILABLE,MOBILE HOME PARK,ADA,,MEDIUM (51-100),40,15,22,15,92,A,unit count unknown
MESA GARDENS MHP,1024 WEST MAIN STREET,MESA,AZ,85201,(480) 964-1102,MOBILE HOME PARK,MARICOPA,,MEDIUM (51-100),40,15,22,15,92,A,unit count unknown
MICHIGAN HEIGHTS ASSOC. INC.,177 JOSEPH DRIVE,EDGEWATER,FL,32141,(386) 427-0125,MOBILE HOME PARK,VOLUSIA,,MEDIUM (51-100),40,15,22,15,92,A,unit count unknown
MICHIGAN PALMS MHP,2232 EAST MICHIGAN AVENUE,PHOENIX,AZ,85022,(602) 971-7260,MOBILE HOME PARK,MARICOPA,,MEDIUM (51-100),40,15,22,15,92,A,unit count unknown
MICHIGAN VILLAGE TRAILER PARK,1912 EAST APACHE BOULEVARD,TEMPE,AZ,85281,(602) 968-7630,MOBILE HOME PARK,MARICOPA,,SMALL (<50),40,15,26,11,92,A,unit count unknown
MIDWAY MANOR MHP,3901 EAGLE RIDGE LN,OPELIKA,AL,36801,NOT AVAILABLE,MOBILE HOME PARK,LEE,,MEDIUM (51-100),40,15,22,15,92,A,unit count unknown
MILLCREEK TERRACE,440 WEST 100 NORTH,WASHINGTON,UT,84780,(435) 628-6965,MOBILE HOME PARK,WASHINGTON,,MEDIUM (51-100),40,15,22,15,92,A,unit count unknown
MITCHELL'S POND MOBILE ESTATES,421 JOE COLLINS RD,LILLINGTON,NC,27546,NOT AVAILABLE,MOBILE HOME PARK,HARNETT,,SMALL (<50),40,15,26,11,92,A,unit count unknown
MOBILE CITY PARK,824 LILAC LANE,ROCKWALL,TX,75087,(972) 771-3978,MOBILE HOME PARK,ROCKWALL,,MEDIUM (51-100),40,15,22,15,92,A,unit count unknown
MOBILE INN TRAILER PARK,837 DIVISION STREET,PRESCOTT,AZ,86301,(520) 445-1940,MOBILE HOME PARK,YAVAPAI,,SMALL (<50),40,15,26,11,92,A,unit count unknown
MOCKINGBIRD HILL MOBILE HOME,1990 SOUTH BURLESON BOULEVARD,BURLESON,TX,76028,(817) 295-3011,MOBILE HOME PARK,JOHNSON,,MEDIUM (51-100),40,15,22,15,92,A,unit count unknown
MODERN TRAILER PARK,4225 AVENUE H,ROSENBERG,TX,77471,(281) 232-8182,MOBILE HOME PARK,FORT BEND,,SMALL (<50),40,15,26,11,92,A,unit count unknown
MON-A-LEA MOBILE MANOR,597 NORTH STATE STREET,OREM,UT,84057,(801) 225-2212,MOBILE HOME PARK,UTAH,,MEDIUM (51-100),40,15,22,15,92,A,unit count unknown
MONTGOMERY MHP,2008 HIGHWAY 15,MYRTLE BEACH,SC,29577,(803) 448-3366,MOBILE HOME PARK,HORRY,,MEDIUM (51-100),40,15,22,15,92,A,unit count unknown
MORSE'S MEADOWS MOBILE HOME PARK,925 PONCE DELEON BOULEVARD,BROOKSVILLE,FL,34601,(352) 848-0444,MOBILE HOME PARK,HERNANDO,,SMALL (<50),40,15,26,11,92,A,unit count unknown
MOUNTAIN SHADE MHP,309 WALMART DRIVE,SODDY-DAISY,TN,37379,(423) 332-3233,MOBILE HOME PARK,HAMILTON,,MEDIUM (51-100),40,15,22,15,92,A,unit count unknown
MOUNTAIN SHADOWS MOBILE HOME,13275 MINUTEMAN DRIVE,DRAPER,UT,84020,(801) 571-4024,MOBILE HOME PARK,SALT LAKE,,MEDIUM (51-100),40,15,22,15,92,A,unit count unknown
MOUNTAIN SHADOWS MOBILE HOMES,2802 WEST FOOTHILL DRIVE,PHOENIX,AZ,85027,(602) 516-2800,MOBILE HOME PARK,MARICOPA,,MEDIUM (51-100),40,15,22,15,92,A,unit count unknown
MOUNTAIN VIEW MOBILE HOME RANCH,1325 NORTH DELAWARE DRIVE,APACHE JUNCTION,AZ,85220,(480) 982-3455,MOBILE HOME PARK,PINAL,,MEDIUM (51-100),40,15,22,15,92,A,unit count unknown
MOUNTAIN VIEW TRAILER COURT,9636 NORTH 15TH AVENUE,PHOENIX,AZ,85021,(602) 944-4076,MOBILE HOME PARK,MARICOPA,,SMALL (<50),40,15,26,11,92,A,unit count unknown
MOUNTAIN VIEW TRAILER COURT,1800 SLAUGHTER ROAD,MADISON,AL,35758,(256) 837-3761,MOBILE HOME PARK,MADISON,,SMALL (<50),40,15,26,11,92,A,unit count unknown
MURPHY MHP,12719 MURPHY ROAD,STAFFORD,TX,77477,(281) 498-7323,MOBILE HOME PARK,FORT BEND,,MEDIUM (51-100),40,15,22,15,92,A,unit count unknown
MYERS TRAILER PARK,NOT AVAILABLE,NOT AVAILABLE,SC,NOT AVAILABLE,NOT AVAILABLE,MOBILE HOME PARK,BERKELEY,,SMALL (<50),40,15,26,11,92,A,unit count unknown
NANCY LANE,35 NANCY LN,FORT MYERS BEACH,FL,33931,NOT AVAILABLE,MOBILE HOME PARK,LEE,,MEDIUM (51-100),40,15,22,15,92,A,unit count unknown
NEW HOME MOBILE PARK,2601 WEST MISSOURI AVENUE,PHOENIX,AZ,85017,(602) 242-0098,MOBILE HOME PARK,MARICOPA,,MEDIUM (51-100),40,15,22,15,92,A,unit count unknown
NEW LEWISBURG HIGHWAY TRAILER PARK,908 CLARK LN,COLUMBIA,TN,38401,NOT AVAILABLE,MOBILE HOME PARK,MAURY,,SMALL (<50),40,15,26,11,92,A,unit count unknown
NORTH 52 TRAILER PARK,400 NORTH HIGHWAY 52,MONCKS CORNER,SC,29461,(803) 761-8491,MOBILE HOME PARK,BERKELEY,,SMALL (<50),40,15,26,11,92,A,unit count unknown
NORTHBROOK,1301 SHOALLY CREEK RD,BOILING SPRINGS,SC,29316,NOT AVAILABLE,MOBILE HOME PARK,SPARTANBURG,,MEDIUM (51-100),40,15,22,15,92,A,unit count unknown
NORTHSIDE MOBILE HOME VILLAGE,121 6TH AVENUE WEST,BUCKEYE,AZ,85326,(602) 386-3400,MOBILE HOME PARK,MARICOPA,,SMALL (<50),40,15,26,11,92,A,unit count unknown
NOT AVAILABLE,200 KING RD,CLARKSVILLE,TN,37042,NOT AVAILABLE,MOBILE HOME PARK,MONTGOMERY,,MEDIUM (51-100),40,15,22,15,92,A,unit count unknown
NOT AVAILABLE,8629 DIAMONDVIEW WAY,KNOXVILLE,TN,37931,NOT AVAILABLE,MOBILE HOME PARK,KNOX,,MEDIUM (51-100),40,15,22,15,92,A,unit count unknown
NOT AVAILABLE,4011 WOODLAND DR,OOLTEWAH,TN,37363,NOT AVAILABLE,MOBILE HOME PARK,HAMILTON,,MEDIUM (51-100),40,15,22,15,92,A,unit count unknown
NOT AVAILABLE,7838 CLINTON HWY,POWELL,TN,37849,NOT AVAILABLE,MOBILE HOME PARK,KNOX,,MEDIUM (51-100),40,15,22,15,92,A,unit count unknown
NOT AVAILABLE,10133 SE 24TH ST,WEBSTER,FL,33597,NOT AVAILABLE,MOBILE HOME PARK,SUMTER,,MEDIUM (51-100),40,15,22,15,92,A,unit count unknown
NOT AVAILABLE,3503 MARVYN PKY,OPELIKA,AL,36804,NOT AVAILABLE,MOBILE HOME PARK,LEE,,MEDIUM (51-100),40,15,22,15,92,A,unit count unknown
NOT AVAILABLE,2417 FREDERICK RD,OPELIKA,AL,36801,NOT AVAILABLE,MOBILE HOME PARK,LEE,,MEDIUM (51-100),40,15,22,15,92,A,unit count unknown
NOT AVAILABLE,916 DOUGLAS DAM RD,KODAK,TN,37764,NOT AVAILABLE,MOBILE HOME PARK,SEVIER,,MEDIUM (51-100),40,15,22,15,92,A,unit count unknown
NOT AVAILABLE,1146 WHITE TAIL LN,SEVIERVILLE,TN,37876,NOT AVAILABLE,MOBILE HOME PARK,SEVIER,,MEDIUM (51-100),40,15,22,15,92,A,unit count unknown
NOT AVAILABLE,3440 DOUGLAS DAM RD,SEVIERVILLE,TN,37764,NOT AVAILABLE,MOBILE HOME PARK,SEVIER,,MEDIUM (51-100),40,15,22,15,92,A,unit count unknown
NOT AVAILABLE,2534 RIDGE RD,PIGEON FORGE,TN,37863,NOT AVAILABLE,MOBILE HOME PARK,SEVIER,,MEDIUM (51-100),40,15,22,15,92,A,unit count unknown
NOT AVAILABLE,2557 MIDDLE CREEK RD,PIGEON FORGE,TN,37863,NOT AVAILABLE,MOBILE HOME PARK,SEVIER,,MEDIUM (51-100),40,15,22,15,92,A,unit count unknown
NOT AVAILABLE,404 HENDERSON CHAPEL RD,PIGEON FORGE,TN,37863,NOT AVAILABLE,MOBILE HOME PARK,SEVIER,,MEDIUM (51-100),40,15,22,15,92,A,unit count unknown
NOT AVAILABLE,1021 RIDGE RD,SEVIERVILLE,TN,37862,NOT AVAILABLE,MOBILE HOME PARK,SEVIER,,MEDIUM (51-100),40,15,22,15,92,A,unit count unknown
NOT AVAILABLE,581 HOWARD DR,SEVIERVILLE,TN,37862,NOT AVAILABLE,MOBILE HOME PARK,SEVIER,,MEDIUM (51-100),40,15,22,15,92,A,unit count unknown
NOT AVAILABLE,1429 OLD NEWPORT HWY,SEVIERVILLE,TN,37862,NOT AVAILABLE,MOBILE HOME PARK,SEVIER,,MEDIUM (51-100),40,15,22,15,92,A,unit count unknown
NOT AVAILABLE,25610 CANDY LN,MAGNOLIA,TX,77355,NOT AVAILABLE,MOBILE HOME PARK,MONTGOMERY,,MEDIUM (51-100),40,15,22,15,92,A,unit count unknown
NOT AVAILABLE,1309 NEWLIN DR,RICHMOND,TX,77406,NOT AVAILABLE,MOBILE HOME PARK,FORT BEND,,MEDIUM (51-100),40,15,22,15,92,A,unit count unknown
NOT AVAILABLE,2116 PARROTT AVE,ROSENBERG,TX,77471,NOT AVAILABLE,MOBILE HOME PARK,FORT BEND,,MEDIUM (51-100),40,15,22,15,92,A,unit count unknown
NOT AVAILABLE,2220 4TH ST,ROSENBERG,TX,77471,NOT AVAILABLE,MOBILE HOME PARK,FORT BEND,,MEDIUM (51-100),40,15,22,15,92,A,unit count unknown
NOT AVAILABLE,2316 RUBY ST,ROSENBERG,TX,77471,NOT AVAILABLE,MOBILE HOME PARK,FORT BEND,,MEDIUM (51-100),40,15,22,15,92,A,unit count unknown
NOT AVAILABLE,1201 N 6TH ST,CONROE,TX,77301,NOT AVAILABLE,MOBILE HOME PARK,MONTGOMERY,,MEDIUM (51-100),40,15,22,15,92,A,unit count unknown
NOT AVAILABLE,1716 MERIDIAN CT,CONROE,TX,77301,NOT AVAILABLE,MOBILE HOME PARK,MONTGOMERY,,MEDIUM (51-100),40,15,22,15,92,A,unit count unknown
NOT AVAILABLE,405 SILVERDALE DR,CONROE,TX,77301,NOT AVAILABLE,MOBILE HOME PARK,MONTGOMERY,,MEDIUM (51-100),40,15,22,15,92,A,unit count unknown
NOT AVAILABLE,101 NOTTINGHAM LN,CONROE,TX,77301,NOT AVAILABLE,MOBILE HOME PARK,MONTGOMERY,,MEDIUM (51-100),40,15,22,15,92,A,unit count unknown
NOT AVAILABLE,14915 1ST ST,SPLENDORA,TX,77372,NOT AVAILABLE,MOBILE HOME PARK,MONTGOMERY,,MEDIUM (51-100),40,15,22,15,92,A,unit count unknown
NOT AVAILABLE,21798 E MARTIN DR,PORTER,TX,77365,NOT AVAILABLE,MOBILE HOME PARK,MONTGOMERY,,MEDIUM (51-100),40,15,22,15,92,A,unit count unknown
NOT AVAILABLE,24012 CHEROKEE TRL,PORTER,TX,77365,NOT AVAILABLE,MOBILE HOME PARK,MONTGOMERY,,MEDIUM (51-100),40,15,22,15,92,A,unit count unknown
NOT AVAILABLE,22573 ERA LN,PORTER,TX,77365,NOT AVAILABLE,MOBILE HOME PARK,MONTGOMERY,,MEDIUM (51-100),40,15,22,15,92,A,unit count unknown
NOT AVAILABLE,2573 OAKES PLANTATION DR,RALEIGH,NC,27610,NOT AVAILABLE,MOBILE HOME PARK,WAKE,,MEDIUM (51-100),40,15,22,15,92,A,unit count unknown
NOT AVAILABLE,3626 KNIGHTDALE ESTATES DR,KNIGHTDALE,NC,27545,NOT AVAILABLE,MOBILE HOME PARK,WAKE,,MEDIUM (51-100),40,15,22,15,92,A,unit count unknown
NOT AVAILABLE,318 SALUDA DAM RD,GREENVILLE,SC,29611,NOT AVAILABLE,MOBILE HOME PARK,GREENVILLE,,MEDIUM (51-100),40,15,22,15,92,A,unit count unknown
NOT AVAILABLE,509 IKES RD,TAYLORS,SC,29687,NOT AVAILABLE,MOBILE HOME PARK,GREENVILLE,,MEDIUM (51-100),40,15,22,15,92,A,unit count unknown
NOT AVAILABLE,3117 DUDLEY RD,WEST COLUMBIA,SC,29170,NOT AVAILABLE,MOBILE HOME PARK,LEXINGTON,,MEDIUM (51-100),40,15,22,15,92,A,unit count unknown
NOT AVAILABLE,2050 FRINK ST,CAYCE,SC,29033,NOT AVAILABLE,MOBILE HOME PARK,LEXINGTON,,MEDIUM (51-100),40,15,22,15,92,A,unit count unknown
NOT AVAILABLE,115 SULPHUR SPRINGS DR,GREENVILLE,SC,29617,NOT AVAILABLE,MOBILE HOME PARK,GREENVILLE,,MEDIUM (51-100),40,15,22,15,92,A,unit count unknown
NOT AVAILABLE,119 MURRELL RD,GREENVILLE,SC,29605,NOT AVAILABLE,MOBILE HOME PARK,GREENVILLE,,MEDIUM (51-100),40,15,22,15,92,A,unit count unknown
NOT AVAILABLE,600 HUNTS BRIDGE RD,GREENVILLE,SC,29617,NOT AVAILABLE,MOBILE HOME PARK,GREENVILLE,,MEDIUM (51-100),40,15,22,15,92,A,unit count unknown
NOT AVAILABLE,17 ELDORADO DR,GREENVILLE,SC,29617,NOT AVAILABLE,MOBILE HOME PARK,GREENVILLE,,MEDIUM (51-100),40,15,22,15,92,A,unit count unknown
NOT AVAILABLE,1247 COLLEGE PARK RD,SUMMERVILLE,SC,29483,NOT AVAILABLE,MOBILE HOME PARK,BERKELEY,,MEDIUM (51-100),40,15,22,15,92,A,unit count unknown
NOT AVAILABLE,1910 ROYLE RD,SUMMERVILLE,SC,29483,NOT AVAILABLE,MOBILE HOME PARK,BERKELEY,,MEDIUM (51-100),40,15,22,15,92,A,unit count unknown
NOT AVAILABLE,3140 EMANUEL CHURCH RD,LEXINGTON,SC,29073,NOT AVAILABLE,MOBILE HOME PARK,LEXINGTON,,MEDIUM (51-100),40,15,22,15,92,A,unit count unknown
NOT AVAILABLE,4878 SUNSET BLVD,LEXINGTON,SC,29072,NOT AVAILABLE,MOBILE HOME PARK,LEXINGTON,,MEDIUM (51-100),40,15,22,15,92,A,unit count unknown
NOT AVAILABLE,3102 BUCKEYE DR,MYRTLE BEACH,SC,29577,NOT AVAILABLE,MOBILE HOME PARK,HORRY,,MEDIUM (51-100),40,15,22,15,92,A,unit count unknown
NOT AVAILABLE,3111 SHETLAND LN,MYRTLE BEACH,SC,29577,NOT AVAILABLE,MOBILE HOME PARK,HORRY,,MEDIUM (51-100),40,15,22,15,92,A,unit count unknown
NOT AVAILABLE,2516 EMORY RD,MYRTLE BEACH,SC,29577,NOT AVAILABLE,MOBILE HOME PARK,HORRY,,MEDIUM (51-100),40,15,22,15,92,A,unit count unknown
NOT AVAILABLE,2440 EMORY RD,MYRTLE BEACH,SC,29577,NOT AVAILABLE,MOBILE HOME PARK,HORRY,,MEDIUM (51-100),40,15,22,15,92,A,unit count unknown
NOT AVAILABLE,604 WHITE OAK LN,MYRTLE BEACH,SC,29577,NOT AVAILABLE,MOBILE HOME PARK,HORRY,,MEDIUM (51-100),40,15,22,15,92,A,unit count unknown
NOT AVAILABLE,97 AZTEC VILLAGE DR,KYLE,TX,78640,NOT AVAILABLE,MOBILE HOME PARK,HAYS,,MEDIUM (51-100),40,15,22,15,92,A,unit count unknown
NOT AVAILABLE,99 OAK HILLS RD,KYLE,TX,78640,NOT AVAILABLE,MOBILE HOME PARK,HAYS,,MEDIUM (51-100),40,15,22,15,92,A,unit count unknown
NOT AVAILABLE,128 FOUNTAIN GROVE DR,KYLE,TX,78640,NOT AVAILABLE,MOBILE HOME PARK,HAYS,,MEDIUM (51-100),40,15,22,15,92,A,unit count unknown
NOT AVAILABLE,115 CREEKS LNDG,KYLE,TX,78640,NOT AVAILABLE,MOBILE HOME PARK,HAYS,,MEDIUM (51-100),40,15,22,15,92,A,unit count unknown
NOT AVAILABLE,304 FM-306,NEW BRAUNFELS,TX,78130,NOT AVAILABLE,MOBILE HOME PARK,COMAL,,MEDIUM (51-100),40,15,22,15,92,A,unit count unknown
NOT AVAILABLE,120 DOLLAR DR,NEW BRAUNFELS,TX,78130,NOT AVAILABLE,MOBILE HOME PARK,COMAL,,MEDIUM (51-100),40,15,22,15,92,A,unit count unknown
NOT AVAILABLE,3736 FM-482,NEW BRAUNFELS,TX,78132,NOT AVAILABLE,MOBILE HOME PARK,COMAL,,MEDIUM (51-100),40,15,22,15,92,A,unit count unknown
NOT AVAILABLE,5065 FM-482,NEW BRAUNFELS,TX,78132,NOT AVAILABLE,MOBILE HOME PARK,COMAL,,MEDIUM (51-100),40,15,22,15,92,A,unit count unknown
NOT AVAILABLE,900 BOENIG ST,SEGUIN,TX,78155,NOT AVAILABLE,MOBILE HOME PARK,GUADALUPE,,MEDIUM (51-100),40,15,22,15,92,A,unit count unknown
NOT AVAILABLE,2446 VILLA VIS,SEGUIN,TX,78155,NOT AVAILABLE,MOBILE HOME PARK,GUADALUPE,,MEDIUM (51-100),40,15,22,15,92,A,unit count unknown
NOT AVAILABLE,5318 IROLA DR,SCHERTZ,TX,78154,NOT AVAILABLE,MOBILE HOME PARK,GUADALUPE,,MEDIUM (51-100),40,15,22,15,92,A,unit count unknown
NOT AVAILABLE,609 DUTCH FORK DR,LADSON,SC,29456,NOT AVAILABLE,MOBILE HOME PARK,BERKELEY,,MEDIUM (51-100),40,15,22,15,92,A,unit count unknown
NOT AVAILABLE,9706 HIGHWAY 78,LADSON,SC,29456,NOT AVAILABLE,MOBILE HOME PARK,BERKELEY,,MEDIUM (51-100),40,15,22,15,92,A,unit count unknown
NOT AVAILABLE,110 CORPORATE DR,SIMPSONVILLE,SC,29681,NOT AVAILABLE,MOBILE HOME PARK,GREENVILLE,,MEDIUM (51-100),40,15,22,15,92,A,unit count unknown
NOT AVAILABLE,222 GOFF CT,WEST COLUMBIA,SC,29172,NOT AVAILABLE,MOBILE HOME PARK,LEXINGTON,,MEDIUM (51-100),40,15,22,15,92,A,unit count unknown
NOT AVAILABLE,419 VINE ST,MONROE,GA,30655,NOT AVAILABLE,MOBILE HOME PARK,WALTON,,MEDIUM (51-100),40,15,22,15,92,A,unit count unknown
NOT AVAILABLE,107 SUNNYVALE,GEORGETOWN,TX,78626,NOT AVAILABLE,MOBILE HOME PARK,WILLIAMSON,,MEDIUM (51-100),40,15,22,15,92,A,unit count unknown
NOT AVAILABLE,410 HORSESHOE LOOP,LIBERTY HILL,TX,78642,NOT AVAILABLE,MOBILE HOME PARK,WILLIAMSON,,MEDIUM (51-100),40,15,22,15,92,A,unit count unknown
NOT AVAILABLE,2198 E RABBIT COVE RD,QUINLAN,TX,75474,NOT AVAILABLE,MOBILE HOME PARK,HUNT,,MEDIUM (51-100),40,15,22,15,92,A,unit count unknown
NOT AVAILABLE,3089 HAYTER ST,GREENVILLE,TX,75402,NOT AVAILABLE,MOBILE HOME PARK,HUNT,,MEDIUM (51-100),40,15,22,15,92,A,unit count unknown
NOT AVAILABLE,3600 WAKETON RD,FLOWER MOUND,TX,75028,NOT AVAILABLE,MOBILE HOME PARK,DENTON,,MEDIUM (51-100),40,15,22,15,92,A,unit count unknown
NOT AVAILABLE,817 N POWELL PKY,ANNA,TX,75409,NOT AVAILABLE,MOBILE HOME PARK,COLLIN,,MEDIUM (51-100),40,15,22,15,92,A,unit count unknown
NOT AVAILABLE,801 PARK CREEK AVE,FORNEY,TX,75126,NOT AVAILABLE,MOBILE HOME PARK,KAUFMAN,,MEDIUM (51-100),40,15,22,15,92,A,unit count unknown
NOT AVAILABLE,1118 WILDWOOD DR,ALVARADO,TX,76009,NOT AVAILABLE,MOBILE HOME PARK,JOHNSON,,MEDIUM (51-100),40,15,22,15,92,A,unit count unknown
NOT AVAILABLE,612 IOWA ST,KEENE,TX,76059,NOT AVAILABLE,MOBILE HOME PARK,JOHNSON,,MEDIUM (51-100),40,15,22,15,92,A,unit count unknown
NOT AVAILABLE,31 LEE ST,KEENE,TX,76059,NOT AVAILABLE,MOBILE HOME PARK,JOHNSON,,MEDIUM (51-100),40,15,22,15,92,A,unit count unknown
NOT AVAILABLE,6028 SAVANNAH HWY,RAVENEL,SC,29470,NOT AVAILABLE,MOBILE HOME PARK,CHARLESTON,,MEDIUM (51-100),40,15,22,15,92,A,unit count unknown
NOT AVAILABLE,201 LUTHER DR,GASTON,SC,29053,NOT AVAILABLE,MOBILE HOME PARK,LEXINGTON,,MEDIUM (51-100),40,15,22,15,92,A,unit count unknown
NOT AVAILABLE,12 VIADUCT RD,SPARTANBURG,SC,29303,NOT AVAILABLE,MOBILE HOME PARK,SPARTANBURG,,MEDIUM (51-100),40,15,22,15,92,A,unit count unknown
NOT AVAILABLE,8327 FAIRFOREST RD,SPARTANBURG,SC,29303,NOT AVAILABLE,MOBILE HOME PARK,SPARTANBURG,,MEDIUM (51-100),40,15,22,15,92,A,unit count unknown
NOT AVAILABLE,1 TRINITY AVE,SPARTANBURG,SC,29303,NOT AVAILABLE,MOBILE HOME PARK,SPARTANBURG,,MEDIUM (51-100),40,15,22,15,92,A,unit count unknown
NOT AVAILABLE,7434 MOORES MILL RD,HUNTSVILLE,AL,35811,NOT AVAILABLE,MOBILE HOME PARK,MADISON,,MEDIUM (51-100),40,15,22,15,92,A,unit count unknown
NOT AVAILABLE,105 PLAZA DR NE,HUNTSVILLE,AL,35811,NOT AVAILABLE,MOBILE HOME PARK,MADISON,,MEDIUM (51-100),40,15,22,15,92,A,unit count unknown
NOT AVAILABLE,20098 E LIMESTONE RD,TONEY,AL,35773,NOT AVAILABLE,MOBILE HOME PARK,LIMESTONE,,MEDIUM (51-100),40,15,22,15,92,A,unit count unknown
NOT AVAILABLE,434 WILLIS TURK RD,AUBURN,AL,36832,NOT AVAILABLE,MOBILE HOME PARK,LEE,,MEDIUM (51-100),40,15,22,15,92,A,unit count unknown
NOT AVAILABLE,6802 US 29 N,OPELIKA,AL,36804,NOT AVAILABLE,MOBILE HOME PARK,LEE,,MEDIUM (51-100),40,15,22,15,92,A,unit count unknown
NOT AVAILABLE,19551 KELLER RD,FOLEY,AL,36535,NOT AVAILABLE,MOBILE HOME PARK,BALDWIN,,MEDIUM (51-100),40,15,22,15,92,A,unit count unknown
NOT AVAILABLE,101 MONTANA TRL,NEW MARKET,AL,35761,NOT AVAILABLE,MOBILE HOME PARK,MADISON,,MEDIUM (51-100),40,15,22,15,92,A,unit count unknown
NOT AVAILABLE,13653 HIGHWAY 231 431 N,HAZEL GREEN,AL,35750,NOT AVAILABLE,MOBILE HOME PARK,MADISON,,MEDIUM (51-100),40,15,22,15,92,A,unit count unknown
NOT AVAILABLE,1633 EGRET DR SW,SUPPLY,NC,28462,NOT AVAILABLE,MOBILE HOME PARK,BRUNSWICK,,MEDIUM (51-100),40,15,22,15,92,A,unit count unknown
NOT AVAILABLE,4081 DC DR,CONCORD,NC,28025,NOT AVAILABLE,MOBILE HOME PARK,CABARRUS,,MEDIUM (51-100),40,15,22,15,92,A,unit count unknown
NOT AVAILABLE,2200 HAMP STONE RD,SILER CITY,NC,27344,NOT AVAILABLE,MOBILE HOME PARK,CHATHAM,,MEDIUM (51-100),40,15,22,15,92,A,unit count unknown
NOT AVAILABLE,401 FOX PARK RD,LOUISBURG,NC,27549,NOT AVAILABLE,MOBILE HOME PARK,FRANKLIN,,MEDIUM (51-100),40,15,22,15,92,A,unit count unknown
NOT AVAILABLE,1924 SID MITCHELL RD,YOUNGSVILLE,NC,27596,NOT AVAILABLE,MOBILE HOME PARK,FRANKLIN,,MEDIUM (51-100),40,15,22,15,92,A,unit count unknown
NOT AVAILABLE,37 MAGNOLIA PL,PINE LEVEL,NC,27576,NOT AVAILABLE,MOBILE HOME PARK,JOHNSTON,,MEDIUM (51-100),40,15,22,15,92,A,unit count unknown
NOT AVAILABLE,3268 BARBER MILL RD,CLAYTON,NC,27520,NOT AVAILABLE,MOBILE HOME PARK,JOHNSTON,,MEDIUM (51-100),40,15,22,15,92,A,unit count unknown
NOT AVAILABLE,902 LINCOLN ST,SELMA,NC,27576,NOT AVAILABLE,MOBILE HOME PARK,JOHNSTON,,MEDIUM (51-100),40,15,22,15,92,A,unit count unknown
NOT AVAILABLE,13528 US HIGHWAY 70 BUS W,CLAYTON,NC,27520,NOT AVAILABLE,MOBILE HOME PARK,JOHNSTON,,MEDIUM (51-100),40,15,22,15,92,A,unit count unknown
NOT AVAILABLE,100 RAINDROP CIR,SMITHFIELD,NC,27577,NOT AVAILABLE,MOBILE HOME PARK,JOHNSTON,,MEDIUM (51-100),40,15,22,15,92,A,unit count unknown
NOT AVAILABLE,805 OLD ROBERTS RD,BENSON,NC,27504,NOT AVAILABLE,MOBILE HOME PARK,JOHNSTON,,MEDIUM (51-100),40,15,22,15,92,A,unit count unknown
NOT AVAILABLE,1371 PRINCETON-KENLY RD,KENLY,NC,27542,NOT AVAILABLE,MOBILE HOME PARK,JOHNSTON,,MEDIUM (51-100),40,15,22,15,92,A,unit count unknown
NOT AVAILABLE,2001 VALLEY DR,CLAYTON,NC,27520,NOT AVAILABLE,MOBILE HOME PARK,JOHNSTON,,MEDIUM (51-100),40,15,22,15,92,A,unit count unknown
NOT AVAILABLE,1478 GUY RD,CLAYTON,NC,27520,NOT AVAILABLE,MOBILE HOME PARK,JOHNSTON,,MEDIUM (51-100),40,15,22,15,92,A,unit count unknown
NOT AVAILABLE,1412 CHICOPEE RD,BENSON,NC,27504,NOT AVAILABLE,MOBILE HOME PARK,JOHNSTON,,MEDIUM (51-100),40,15,22,15,92,A,unit count unknown
NOT AVAILABLE,1022 DUPREE RD,WILLOW SPRING,NC,27592,NOT AVAILABLE,MOBILE HOME PARK,JOHNSTON,,MEDIUM (51-100),40,15,22,15,92,A,unit count unknown
NOT AVAILABLE,1308 RIVER RD,SELMA,NC,27576,NOT AVAILABLE,MOBILE HOME PARK,JOHNSTON,,MEDIUM (51-100),40,15,22,15,92,A,unit count unknown
NOT AVAILABLE,5800 ORR RD,CHARLOTTE,NC,28213,NOT AVAILABLE,MOBILE HOME PARK,MECKLENBURG,,MEDIUM (51-100),40,15,22,15,92,A,unit count unknown
NOT AVAILABLE,13660 NC HIGHWAY 50,HOLLY RIDGE,NC,28445,NOT AVAILABLE,MOBILE HOME PARK,PENDER,,MEDIUM (51-100),40,15,22,15,92,A,unit count unknown
NOT AVAILABLE,6345 US HIGHWAY 117 S,ROCKY POINT,NC,28457,NOT AVAILABLE,MOBILE HOME PARK,PENDER,,MEDIUM (51-100),40,15,22,15,92,A,unit count unknown
NOT AVAILABLE,4004 ROLLING MEADOWS DR,WINGATE,NC,28174,NOT AVAILABLE,MOBILE HOME PARK,UNION,,MEDIUM (51-100),40,15,22,15,92,A,unit count unknown
NOT AVAILABLE,1006 JAMES ST,APEX,NC,27502,NOT AVAILABLE,MOBILE HOME PARK,WAKE,,MEDIUM (51-100),40,15,22,15,92,A,unit count unknown
NOT AVAILABLE,8819 LOWER ROCKY RIVER RD,CONCORD,NC,28025,NOT AVAILABLE,MOBILE HOME PARK,CABARRUS,,MEDIUM (51-100),40,15,22,15,92,A,unit count unknown
NOT AVAILABLE,1200 MARK DR,CONCORD,NC,28025,NOT AVAILABLE,MOBILE HOME PARK,CABARRUS,,MEDIUM (51-100),40,15,22,15,92,A,unit count unknown
NOT AVAILABLE,137 EASTPORT LN,MOORESVILLE,NC,28115,NOT AVAILABLE,MOBILE HOME PARK,IREDELL,,MEDIUM (51-100),40,15,22,15,92,A,unit count unknown
NOT AVAILABLE,2531 MONTA DR,CONCORD,NC,28025,NOT AVAILABLE,MOBILE HOME PARK,CABARRUS,,MEDIUM (51-100),40,15,22,15,92,A,unit count unknown
NOT AVAILABLE,3715 PATRICIA DR NW,CONCORD,NC,28027,NOT AVAILABLE,MOBILE HOME PARK,CABARRUS,,MEDIUM (51-100),40,15,22,15,92,A,unit count unknown
NOT AVAILABLE,1314 OLD FAYETTEVILLE RD NE,LELAND,NC,28451,NOT AVAILABLE,MOBILE HOME PARK,BRUNSWICK,,MEDIUM (51-100),40,15,22,15,92,A,unit count unknown
NOT AVAILABLE,2024 US 70-BR,GARNER,NC,27529,NOT AVAILABLE,MOBILE HOME PARK,WAKE,,MEDIUM (51-100),40,15,22,15,92,A,unit count unknown
NOT AVAILABLE,5401 HENDERSON CIR,CHARLOTTE,NC,28269,NOT AVAILABLE,MOBILE HOME PARK,MECKLENBURG,,MEDIUM (51-100),40,15,22,15,92,A,unit count unknown
NOT AVAILABLE,1417 MILL CREEK RD,HAMPSTEAD,NC,28443,NOT AVAILABLE,MOBILE HOME PARK,PENDER,,MEDIUM (51-100),40,15,22,15,92,A,unit count unknown
NOT AVAILABLE,703 ANSONVILLE RD,WINGATE,NC,28174,NOT AVAILABLE,MOBILE HOME PARK,UNION,,MEDIUM (51-100),40,15,22,15,92,A,unit count unknown
NOT AVAILABLE,1935 E MICHIGAN AVE,PHOENIX,AZ,85022,NOT AVAILABLE,MOBILE HOME PARK,MARICOPA,,MEDIUM (51-100),40,15,22,15,92,A,unit count unknown
NOT AVAILABLE,18602 N 25TH PL,PHOENIX,AZ,85050,NOT AVAILABLE,MOBILE HOME PARK,MARICOPA,,MEDIUM (51-100),40,15,22,15,92,A,unit count unknown
NOT AVAILABLE,15401 N 66TH AVE,GLENDALE,AZ,85306,NOT AVAILABLE,MOBILE HOME PARK,MARICOPA,,MEDIUM (51-100),40,15,22,15,92,A,unit count unknown
NOT AVAILABLE,7356 E BASELINE RD,MESA,AZ,85209,NOT AVAILABLE,MOBILE HOME PARK,MARICOPA,,MEDIUM (51-100),40,15,22,15,92,A,unit count unknown
NOT AVAILABLE,2455 W 16TH AVE,APACHE JUNCTION,AZ,85120,NOT AVAILABLE,MOBILE HOME PARK,PINAL,,MEDIUM (51-100),40,15,22,15,92,A,unit count unknown
NOT AVAILABLE,18110 W LYNWOOD ST,GOODYEAR,AZ,85395,NOT AVAILABLE,MOBILE HOME PARK,MARICOPA,,MEDIUM (51-100),40,15,22,15,92,A,unit count unknown
NOT AVAILABLE,15838 N EL MIRAGE RD,SURPRISE,AZ,85378,NOT AVAILABLE,MOBILE HOME PARK,MARICOPA,,MEDIUM (51-100),40,15,22,15,92,A,unit count unknown
NOT AVAILABLE,22036 N 27TH AVE,PHOENIX,AZ,85027,NOT AVAILABLE,MOBILE HOME PARK,MARICOPA,,MEDIUM (51-100),40,15,22,15,92,A,unit count unknown
NOT AVAILABLE,1707 E APACHE BLVD,TEMPE,AZ,85281,NOT AVAILABLE,MOBILE HOME PARK,MARICOPA,,MEDIUM (51-100),40,15,22,15,92,A,unit count unknown
NOT AVAILABLE,1 W ELM LN,AVONDALE,AZ,85323,NOT AVAILABLE,MOBILE HOME PARK,MARICOPA,,MEDIUM (51-100),40,15,22,15,92,A,unit count unknown
NOT AVAILABLE,2168 HARRY ARNOLD RD,MONROE,GA,30655,NOT AVAILABLE,MOBILE HOME PARK,WALTON,,MEDIUM (51-100),40,15,22,15,92,A,unit count unknown
NOT AVAILABLE,3033 E UTOPIA RD,PHOENIX,AZ,85050,NOT AVAILABLE,MOBILE HOME PARK,MARICOPA,,MEDIUM (51-100),40,15,22,15,92,A,unit count unknown
NOT AVAILABLE,301 S 96TH ST,MESA,AZ,85208,NOT AVAILABLE,MOBILE HOME PARK,MARICOPA,,MEDIUM (51-100),40,15,22,15,92,A,unit count unknown
NOT AVAILABLE,1221 N DYSART RD,AVONDALE,AZ,85323,NOT AVAILABLE,MOBILE HOME PARK,MARICOPA,,MEDIUM (51-100),40,15,22,15,92,A,unit count unknown
NOT AVAILABLE,3927 W SOUTHERN AVE,PHOENIX,AZ,85041,NOT AVAILABLE,MOBILE HOME PARK,MARICOPA,,MEDIUM (51-100),40,15,22,15,92,A,unit count unknown
NOT AVAILABLE,898 W CALLE DEL NORTE,CHANDLER,AZ,85225,NOT AVAILABLE,MOBILE HOME PARK,MARICOPA,,MEDIUM (51-100),40,15,22,15,92,A,unit count unknown
NOT AVAILABLE,7240 S 7TH ST,PHOENIX,AZ,85042,NOT AVAILABLE,MOBILE HOME PARK,MARICOPA,,MEDIUM (51-100),40,15,22,15,92,A,unit count unknown
NOT AVAILABLE,302 STONEGATE DR,WINDER,GA,30680,NOT AVAILABLE,MOBILE HOME PARK,BARROW,,MEDIUM (51-100),40,15,22,15,92,A,unit count unknown
NOT AVAILABLE,5649 S 42ND DR,PHOENIX,AZ,85041,NOT AVAILABLE,MOBILE HOME PARK,MARICOPA,,MEDIUM (51-100),40,15,22,15,92,A,unit count unknown
NOT AVAILABLE,3701 W HIDALGO AVE,PHOENIX,AZ,85041,NOT AVAILABLE,MOBILE HOME PARK,MARICOPA,,MEDIUM (51-100),40,15,22,15,92,A,unit count unknown
NOT AVAILABLE,7189 CHANNEL II SW,OCEAN ISLE BEACH,NC,28469,NOT AVAILABLE,MOBILE HOME PARK,BRUNSWICK,,MEDIUM (51-100),40,15,22,15,92,A,unit count unknown
NOT AVAILABLE,8619 COZUMEL ST,CHARLOTTE,NC,28227,NOT AVAILABLE,MOBILE HOME PARK,MECKLENBURG,,MEDIUM (51-100),40,15,22,15,92,A,unit count unknown
NOT AVAILABLE,1611 N SANDALWOOD DR,CASA GRANDE,AZ,85122,NOT AVAILABLE,MOBILE HOME PARK,PINAL,,MEDIUM (51-100),40,15,22,15,92,A,unit count unknown
NOT AVAILABLE,621 W MCMURRAY BLVD,CASA GRANDE,AZ,85122,NOT AVAILABLE,MOBILE HOME PARK,PINAL,,MEDIUM (51-100),40,15,22,15,92,A,unit count unknown
NOT AVAILABLE,40 S PINAL PKY,FLORENCE,AZ,85132,NOT AVAILABLE,MOBILE HOME PARK,PINAL,,MEDIUM (51-100),40,15,22,15,92,A,unit count unknown
NOT AVAILABLE,437 E GERMANN RD,SAN TAN VALLEY,AZ,85140,NOT AVAILABLE,MOBILE HOME PARK,PINAL,,MEDIUM (51-100),40,15,22,15,92,A,unit count unknown
NOT AVAILABLE,7591 W BATTAGLIA DR,CASA GRANDE,AZ,85193,NOT AVAILABLE,MOBILE HOME PARK,PINAL,,MEDIUM (51-100),40,15,22,15,92,A,unit count unknown
NOT AVAILABLE,930 E EAGLE DR,SAN TAN VALLEY,AZ,85140,NOT AVAILABLE,MOBILE HOME PARK,PINAL,,MEDIUM (51-100),40,15,22,15,92,A,unit count unknown
NOT AVAILABLE,3400 S TOMAHAWK RD,APACHE JUNCTION,AZ,85119,NOT AVAILABLE,MOBILE HOME PARK,PINAL,,MEDIUM (51-100),40,15,22,15,92,A,unit count unknown
NOT AVAILABLE,9985 N PINAL AVE,CASA GRANDE,AZ,85122,NOT AVAILABLE,MOBILE HOME PARK,PINAL,,MEDIUM (51-100),40,15,22,15,92,A,unit count unknown
NOT AVAILABLE,11287 W STAGECOACH RD,ARIZONA CITY,AZ,85123,NOT AVAILABLE,MOBILE HOME PARK,PINAL,,MEDIUM (51-100),40,15,22,15,92,A,unit count unknown
NOT AVAILABLE,59675 E CARLOTTA DR,KEARNY,AZ,85137,NOT AVAILABLE,MOBILE HOME PARK,PINAL,,MEDIUM (51-100),40,15,22,15,92,A,unit count unknown
NOT AVAILABLE,35598 AZ 77,TUCSON,AZ,85739,NOT AVAILABLE,MOBILE HOME PARK,PINAL,,MEDIUM (51-100),40,15,22,15,92,A,unit count unknown
NOT AVAILABLE,695 E OCOTILLO RD,SAN TAN VALLEY,AZ,85140,NOT AVAILABLE,MOBILE HOME PARK,PINAL,,MEDIUM (51-100),40,15,22,15,92,A,unit count unknown
NOT AVAILABLE,2018 S INDIANA DR,CASA GRANDE,AZ,85194,NOT AVAILABLE,MOBILE HOME PARK,PINAL,,MEDIUM (51-100),40,15,22,15,92,A,unit count unknown
NOT AVAILABLE,625 HOLIDAY DR,PRESCOTT,AZ,86303,NOT AVAILABLE,MOBILE HOME PARK,YAVAPAI,,MEDIUM (51-100),40,15,22,15,92,A,unit count unknown
NOT AVAILABLE,775 PRESCOTT CANYON DR,PRESCOTT,AZ,86301,NOT AVAILABLE,MOBILE HOME PARK,YAVAPAI,,MEDIUM (51-100),40,15,22,15,92,A,unit count unknown
NOT AVAILABLE,480 E BRAMBLE DR,PAULDEN,AZ,86334,NOT AVAILABLE,MOBILE HOME PARK,YAVAPAI,,MEDIUM (51-100),40,15,22,15,92,A,unit count unknown
NOT AVAILABLE,3100 WILLOW CREEK RD,PRESCOTT,AZ,86301,NOT AVAILABLE,MOBILE HOME PARK,YAVAPAI,,MEDIUM (51-100),40,15,22,15,92,A,unit count unknown
NOT AVAILABLE,701 E HAVASU AVE,CHINO VALLEY,AZ,86323,NOT AVAILABLE,MOBILE HOME PARK,YAVAPAI,,MEDIUM (51-100),40,15,22,15,92,A,unit count unknown
NOT AVAILABLE,2221 SIERRA VERDE RD,CAMP VERDE,AZ,86322,NOT AVAILABLE,MOBILE HOME PARK,YAVAPAI,,MEDIUM (51-100),40,15,22,15,92,A,unit count unknown
NOT AVAILABLE,1617 HERITAGE PARK RD,PRESCOTT,AZ,86301,NOT AVAILABLE,MOBILE HOME PARK,YAVAPAI,,MEDIUM (51-100),40,15,22,15,92,A,unit count unknown
NOT AVAILABLE,34330 S BERTHA ST,BLACK CANYON CITY,AZ,85324,NOT AVAILABLE,MOBILE HOME PARK,YAVAPAI,,MEDIUM (51-100),40,15,22,15,92,A,unit count unknown
NOT AVAILABLE,941 E MONROE AVE,BUCKEYE,AZ,85326,NOT AVAILABLE,MOBILE HOME PARK,MARICOPA,,MEDIUM (51-100),40,15,22,15,92,A,unit count unknown
NOT AVAILABLE,7344 W PEORIA AVE,PEORIA,AZ,85345,NOT AVAILABLE,MOBILE HOME PARK,MARICOPA,,MEDIUM (51-100),40,15,22,15,92,A,unit count unknown
NOT AVAILABLE,514 E ALSDORF RD,ELOY,AZ,85131,NOT AVAILABLE,MOBILE HOME PARK,PINAL,,MEDIUM (51-100),40,15,22,15,92,A,unit count unknown
NOT AVAILABLE,1012 GAIL GARDNER WAY,PRESCOTT,AZ,86305,NOT AVAILABLE,MOBILE HOME PARK,YAVAPAI,,MEDIUM (51-100),40,15,22,15,92,A,unit count unknown
NOT AVAILABLE,421 LAKESHORE RD,BOULDER CITY,NV,89005,NOT AVAILABLE,MOBILE HOME PARK,CLARK,,MEDIUM (51-100),40,15,22,15,92,A,unit count unknown
NOT AVAILABLE,210 RODEO LN,MESQUITE,NV,89027,NOT AVAILABLE,MOBILE HOME PARK,CLARK,,MEDIUM (51-100),40,15,22,15,92,A,unit count unknown
NOT AVAILABLE,5201 TENAYA CREEK LN,RENO,NV,89506,NOT AVAILABLE,MOBILE HOME PARK,WASHOE,,MEDIUM (51-100),40,15,22,15,92,A,unit count unknown
NOT AVAILABLE,5610 YUKON DR,SUN VALLEY,NV,89433,NOT AVAILABLE,MOBILE HOME PARK,WASHOE,,MEDIUM (51-100),40,15,22,15,92,A,unit count unknown
NOT AVAILABLE,352 N LIBERTY ST,BOISE,ID,83704,NOT AVAILABLE,MOBILE HOME PARK,ADA,,MEDIUM (51-100),40,15,22,15,92,A,unit count unknown
NOT AVAILABLE,798 S DOLSON LN,EAGLE,ID,83616,NOT AVAILABLE,MOBILE HOME PARK,ADA,,MEDIUM (51-100),40,15,22,15,92,A,unit count unknown
NOT AVAILABLE,17705 MOCKINGBIRD DR,RENO,NV,89508,NOT AVAILABLE,MOBILE HOME PARK,WASHOE,,MEDIUM (51-100),40,15,22,15,92,A,unit count unknown
NOT AVAILABLE,4822 PROSSER WAY,SUN VALLEY,NV,89433,NOT AVAILABLE,MOBILE HOME PARK,WASHOE,,MEDIUM (51-100),40,15,22,15,92,A,unit count unknown
NOT AVAILABLE,6145 E CAREY AVE,LAS VEGAS,NV,89156,NOT AVAILABLE,MOBILE HOME PARK,CLARK,,MEDIUM (51-100),40,15,22,15,92,A,unit count unknown
NOT AVAILABLE,7751 LYTTON RD,RENO,NV,89506,NOT AVAILABLE,MOBILE HOME PARK,WASHOE,,MEDIUM (51-100),40,15,22,15,92,A,unit count unknown
NOT AVAILABLE,14640 TOLL RD,RENO,NV,89521,NOT AVAILABLE,MOBILE HOME PARK,WASHOE,,MEDIUM (51-100),40,15,22,15,92,A,unit count unknown
NOT AVAILABLE,101 HAMMOND AVE,GREER,SC,29651,NOT AVAILABLE,MOBILE HOME PARK,GREENVILLE,,MEDIUM (51-100),40,15,22,15,92,A,unit count unknown
NOT AVAILABLE,1669 FALCON,MYRTLE BEACH,SC,29575,NOT AVAILABLE,MOBILE HOME PARK,HORRY,,MEDIUM (51-100),40,15,22,15,92,A,unit count unknown
NOT AVAILABLE,507 HALLIE MARTIN RD,CONWAY,SC,29527,NOT AVAILABLE,MOBILE HOME PARK,HORRY,,MEDIUM (51-100),40,15,22,15,92,A,unit count unknown
NOT AVAILABLE,3759 WOODRIDGE CIR,LITTLE RIVER,SC,29566,NOT AVAILABLE,MOBILE HOME PARK,HORRY,,MEDIUM (51-100),40,15,22,15,92,A,unit count unknown
NOT AVAILABLE,1001 37TH AVE S,NORTH MYRTLE BEACH,SC,29582,NOT AVAILABLE,MOBILE HOME PARK,HORRY,,MEDIUM (51-100),40,15,22,15,92,A,unit count unknown
NOT AVAILABLE,3780 AUGUST RD,CONWAY,SC,29527,NOT AVAILABLE,MOBILE HOME PARK,HORRY,,MEDIUM (51-100),40,15,22,15,92,A,unit count unknown
NOT AVAILABLE,1501 NED LN,CONWAY,SC,29527,NOT AVAILABLE,MOBILE HOME PARK,HORRY,,MEDIUM (51-100),40,15,22,15,92,A,unit count unknown
NOT AVAILABLE,2597 AVOCADO DR,MYRTLE BEACH,SC,29579,NOT AVAILABLE,MOBILE HOME PARK,HORRY,,MEDIUM (51-100),40,15,22,15,92,A,unit count unknown
NOT AVAILABLE,2043 EVANS DR,LANCASTER,SC,29720,NOT AVAILABLE,MOBILE HOME PARK,LANCASTER,,MEDIUM (51-100),40,15,22,15,92,A,unit count unknown
NOT AVAILABLE,2501 LEAPHART RD,WEST COLUMBIA,SC,29169,NOT AVAILABLE,MOBILE HOME PARK,LEXINGTON,,MEDIUM (51-100),40,15,22,15,92,A,unit count unknown
NOT AVAILABLE,100 RICHEY DR,GREER,SC,29651,NOT AVAILABLE,MOBILE HOME PARK,SPARTANBURG,,MEDIUM (51-100),40,15,22,15,92,A,unit count unknown
NOT AVAILABLE,359 BRICE RD,ROEBUCK,SC,29376,NOT AVAILABLE,MOBILE HOME PARK,SPARTANBURG,,MEDIUM (51-100),40,15,22,15,92,A,unit count unknown
NOT AVAILABLE,135 SPRING RD,LEXINGTON,SC,29073,NOT AVAILABLE,MOBILE HOME PARK,LEXINGTON,,MEDIUM (51-100),40,15,22,15,92,A,unit count unknown
NOT AVAILABLE,100 CYPRESS PLANTATION RD,MONCKS CORNER,SC,29461,NOT AVAILABLE,MOBILE HOME PARK,BERKELEY,,MEDIUM (51-100),40,15,22,15,92,A,unit count unknown
NOT AVAILABLE,4995 APPIAN WAY,NORTH CHARLESTON,SC,29420,NOT AVAILABLE,MOBILE HOME PARK,DORCHESTER,,MEDIUM (51-100),40,15,22,15,92,A,unit count unknown
NOT AVAILABLE,4146 JOHN LUTHER RD,MYRTLE BEACH,SC,29588,NOT AVAILABLE,MOBILE HOME PARK,HORRY,,MEDIUM (51-100),40,15,22,15,92,A,unit count unknown
NOT AVAILABLE,3216 NEW EASLEY BRIDGE HWY,GREENVILLE,SC,29611,NOT AVAILABLE,MOBILE HOME PARK,GREENVILLE,,MEDIUM (51-100),40,15,22,15,92,A,unit count unknown
NOT AVAILABLE,3915 LITTLE RIVER RD,MYRTLE BEACH,SC,29577,NOT AVAILABLE,MOBILE HOME PARK,HORRY,,MEDIUM (51-100),40,15,22,15,92,A,unit count unknown
NOT AVAILABLE,102 BERET ST,NORTH CHARLESTON,SC,29418,NOT AVAILABLE,MOBILE HOME PARK,DORCHESTER,,MEDIUM (51-100),40,15,22,15,92,A,unit count unknown
NOT AVAILABLE,403 COLLEGE PARK RD,LADSON,SC,29456,NOT AVAILABLE,MOBILE HOME PARK,BERKELEY,,MEDIUM (51-100),40,15,22,15,92,A,unit count unknown
NOT AVAILABLE,125 ADDISON DR,GOOSE CREEK,SC,29445,NOT AVAILABLE,MOBILE HOME PARK,BERKELEY,,MEDIUM (51-100),40,15,22,15,92,A,unit count unknown
NOT AVAILABLE,811 OLD CONVERSE RD,SPARTANBURG,SC,29307,NOT AVAILABLE,MOBILE HOME PARK,SPARTANBURG,,MEDIUM (51-100),40,15,22,15,92,A,unit count unknown
NOT AVAILABLE,241 MELODY LN,NEW BRAUNFELS,TX,78130,NOT AVAILABLE,MOBILE HOME PARK,COMAL,,MEDIUM (51-100),40,15,22,15,92,A,unit count unknown
NOT AVAILABLE,2800 FORT WORTH DR,DENTON,TX,76205,NOT AVAILABLE,MOBILE HOME PARK,DENTON,,MEDIUM (51-100),40,15,22,15,92,A,unit count unknown
NOT AVAILABLE,104 EAGLE DR,CIBOLO,TX,78108,NOT AVAILABLE,MOBILE HOME PARK,GUADALUPE,,MEDIUM (51-100),40,15,22,15,92,A,unit count unknown
NOT AVAILABLE,941 HIGH RD,KYLE,TX,78640,NOT AVAILABLE,MOBILE HOME PARK,HAYS,,MEDIUM (51-100),40,15,22,15,92,A,unit count unknown
NOT AVAILABLE,112 W KILPATRICK AVE,CLEBURNE,TX,76033,NOT AVAILABLE,MOBILE HOME PARK,JOHNSON,,MEDIUM (51-100),40,15,22,15,92,A,unit count unknown
NOT AVAILABLE,3309 FM 2280,CLEBURNE,TX,76031,NOT AVAILABLE,MOBILE HOME PARK,JOHNSON,,MEDIUM (51-100),40,15,22,15,92,A,unit count unknown
NOT AVAILABLE,402 HUMBLE TANK RD,CONROE,TX,77304,NOT AVAILABLE,MOBILE HOME PARK,MONTGOMERY,,MEDIUM (51-100),40,15,22,15,92,A,unit count unknown
NOT AVAILABLE,101 JANET ST,WILLIS,TX,77378,NOT AVAILABLE,MOBILE HOME PARK,MONTGOMERY,,MEDIUM (51-100),40,15,22,15,92,A,unit count unknown
NOT AVAILABLE,101 TALL OAK DR,HUTTO,TX,78634,NOT AVAILABLE,MOBILE HOME PARK,WILLIAMSON,,MEDIUM (51-100),40,15,22,15,92,A,unit count unknown
NOT AVAILABLE,18823 GRAND OAKS BLVD,MAGNOLIA,TX,77355,NOT AVAILABLE,MOBILE HOME PARK,MONTGOMERY,,MEDIUM (51-100),40,15,22,15,92,A,unit count unknown
